year,month,period,naics,kind_of_business,measure,adjustment,value,preliminary
1992,1,1992-01,4522,Department stores,inv_sales_ratio,nsa,3.29,False
1992,2,1992-02,4522,Department stores,inv_sales_ratio,nsa,3.05,False
1992,3,1992-03,4522,Department stores,inv_sales_ratio,nsa,2.78,False
1992,4,1992-04,4522,Department stores,inv_sales_ratio,nsa,2.73,False
1992,5,1992-05,4522,Department stores,inv_sales_ratio,nsa,2.5,False
1992,6,1992-06,4522,Department stores,inv_sales_ratio,nsa,2.65,False
1992,7,1992-07,4522,Department stores,inv_sales_ratio,nsa,2.8,False
1992,8,1992-08,4522,Department stores,inv_sales_ratio,nsa,2.52,False
1992,9,1992-09,4522,Department stores,inv_sales_ratio,nsa,2.98,False
1992,10,1992-10,4522,Department stores,inv_sales_ratio,nsa,2.91,False
1992,11,1992-11,4522,Department stores,inv_sales_ratio,nsa,2.42,False
1992,12,1992-12,4522,Department stores,inv_sales_ratio,nsa,1.28,False
1993,1,1993-01,4522,Department stores,inv_sales_ratio,nsa,3.23,False
1993,2,1993-02,4522,Department stores,inv_sales_ratio,nsa,3.29,False
1993,3,1993-03,4522,Department stores,inv_sales_ratio,nsa,2.92,False
1993,4,1993-04,4522,Department stores,inv_sales_ratio,nsa,2.79,False
1993,5,1993-05,4522,Department stores,inv_sales_ratio,nsa,2.61,False
1993,6,1993-06,4522,Department stores,inv_sales_ratio,nsa,2.67,False
1993,7,1993-07,4522,Department stores,inv_sales_ratio,nsa,2.73,False
1993,8,1993-08,4522,Department stores,inv_sales_ratio,nsa,2.59,False
1993,9,1993-09,4522,Department stores,inv_sales_ratio,nsa,2.95,False
1993,10,1993-10,4522,Department stores,inv_sales_ratio,nsa,2.91,False
1993,11,1993-11,4522,Department stores,inv_sales_ratio,nsa,2.48,False
1993,12,1993-12,4522,Department stores,inv_sales_ratio,nsa,1.29,False
1994,1,1994-01,4522,Department stores,inv_sales_ratio,nsa,3.11,False
1994,2,1994-02,4522,Department stores,inv_sales_ratio,nsa,3.09,False
1994,3,1994-03,4522,Department stores,inv_sales_ratio,nsa,2.54,False
1994,4,1994-04,4522,Department stores,inv_sales_ratio,nsa,2.65,False
1994,5,1994-05,4522,Department stores,inv_sales_ratio,nsa,2.58,False
1994,6,1994-06,4522,Department stores,inv_sales_ratio,nsa,2.55,False
1994,7,1994-07,4522,Department stores,inv_sales_ratio,nsa,2.66,False
1994,8,1994-08,4522,Department stores,inv_sales_ratio,nsa,2.49,False
1994,9,1994-09,4522,Department stores,inv_sales_ratio,nsa,2.89,False
1994,10,1994-10,4522,Department stores,inv_sales_ratio,nsa,2.88,False
1994,11,1994-11,4522,Department stores,inv_sales_ratio,nsa,2.41,False
1994,12,1994-12,4522,Department stores,inv_sales_ratio,nsa,1.28,False
1995,1,1995-01,4522,Department stores,inv_sales_ratio,nsa,3.18,False
1995,2,1995-02,4522,Department stores,inv_sales_ratio,nsa,3.21,False
1995,3,1995-03,4522,Department stores,inv_sales_ratio,nsa,2.66,False
1995,4,1995-04,4522,Department stores,inv_sales_ratio,nsa,2.63,False
1995,5,1995-05,4522,Department stores,inv_sales_ratio,nsa,2.54,False
1995,6,1995-06,4522,Department stores,inv_sales_ratio,nsa,2.5,False
1995,7,1995-07,4522,Department stores,inv_sales_ratio,nsa,2.61,False
1995,8,1995-08,4522,Department stores,inv_sales_ratio,nsa,2.5,False
1995,9,1995-09,4522,Department stores,inv_sales_ratio,nsa,2.86,False
1995,10,1995-10,4522,Department stores,inv_sales_ratio,nsa,3.03,False
1995,11,1995-11,4522,Department stores,inv_sales_ratio,nsa,2.42,False
1995,12,1995-12,4522,Department stores,inv_sales_ratio,nsa,1.31,False
1996,1,1996-01,4522,Department stores,inv_sales_ratio,nsa,3.27,False
1996,2,1996-02,4522,Department stores,inv_sales_ratio,nsa,3.0,False
1996,3,1996-03,4522,Department stores,inv_sales_ratio,nsa,2.67,False
1996,4,1996-04,4522,Department stores,inv_sales_ratio,nsa,2.67,False
1996,5,1996-05,4522,Department stores,inv_sales_ratio,nsa,2.42,False
1996,6,1996-06,4522,Department stores,inv_sales_ratio,nsa,2.5,False
1996,7,1996-07,4522,Department stores,inv_sales_ratio,nsa,2.7,False
1996,8,1996-08,4522,Department stores,inv_sales_ratio,nsa,2.46,False
1996,9,1996-09,4522,Department stores,inv_sales_ratio,nsa,2.91,False
1996,10,1996-10,4522,Department stores,inv_sales_ratio,nsa,2.93,False
1996,11,1996-11,4522,Department stores,inv_sales_ratio,nsa,2.44,False
1996,12,1996-12,4522,Department stores,inv_sales_ratio,nsa,1.28,False
1997,1,1997-01,4522,Department stores,inv_sales_ratio,nsa,2.98,False
1997,2,1997-02,4522,Department stores,inv_sales_ratio,nsa,2.95,False
1997,3,1997-03,4522,Department stores,inv_sales_ratio,nsa,2.48,False
1997,4,1997-04,4522,Department stores,inv_sales_ratio,nsa,2.67,False
1997,5,1997-05,4522,Department stores,inv_sales_ratio,nsa,2.36,False
1997,6,1997-06,4522,Department stores,inv_sales_ratio,nsa,2.43,False
1997,7,1997-07,4522,Department stores,inv_sales_ratio,nsa,2.55,False
1997,8,1997-08,4522,Department stores,inv_sales_ratio,nsa,2.31,False
1997,9,1997-09,4522,Department stores,inv_sales_ratio,nsa,2.86,False
1997,10,1997-10,4522,Department stores,inv_sales_ratio,nsa,2.77,False
1997,11,1997-11,4522,Department stores,inv_sales_ratio,nsa,2.34,False
1997,12,1997-12,4522,Department stores,inv_sales_ratio,nsa,1.28,False
1998,1,1998-01,4522,Department stores,inv_sales_ratio,nsa,2.93,False
1998,2,1998-02,4522,Department stores,inv_sales_ratio,nsa,2.86,False
1998,3,1998-03,4522,Department stores,inv_sales_ratio,nsa,2.58,False
1998,4,1998-04,4522,Department stores,inv_sales_ratio,nsa,2.47,False
1998,5,1998-05,4522,Department stores,inv_sales_ratio,nsa,2.27,False
1998,6,1998-06,4522,Department stores,inv_sales_ratio,nsa,2.42,False
1998,7,1998-07,4522,Department stores,inv_sales_ratio,nsa,2.52,False
1998,8,1998-08,4522,Department stores,inv_sales_ratio,nsa,2.38,False
1998,9,1998-09,4522,Department stores,inv_sales_ratio,nsa,2.84,False
1998,10,1998-10,4522,Department stores,inv_sales_ratio,nsa,2.8,False
1998,11,1998-11,4522,Department stores,inv_sales_ratio,nsa,2.34,False
1998,12,1998-12,4522,Department stores,inv_sales_ratio,nsa,1.23,False
1999,1,1999-01,4522,Department stores,inv_sales_ratio,nsa,2.76,False
1999,2,1999-02,4522,Department stores,inv_sales_ratio,nsa,2.67,False
1999,3,1999-03,4522,Department stores,inv_sales_ratio,nsa,2.36,False
1999,4,1999-04,4522,Department stores,inv_sales_ratio,nsa,2.4,False
1999,5,1999-05,4522,Department stores,inv_sales_ratio,nsa,2.22,False
1999,6,1999-06,4522,Department stores,inv_sales_ratio,nsa,2.27,False
1999,7,1999-07,4522,Department stores,inv_sales_ratio,nsa,2.35,False
1999,8,1999-08,4522,Department stores,inv_sales_ratio,nsa,2.3,False
1999,9,1999-09,4522,Department stores,inv_sales_ratio,nsa,2.63,False
1999,10,1999-10,4522,Department stores,inv_sales_ratio,nsa,2.71,False
1999,11,1999-11,4522,Department stores,inv_sales_ratio,nsa,2.35,False
1999,12,1999-12,4522,Department stores,inv_sales_ratio,nsa,1.21,False
2000,1,2000-01,4522,Department stores,inv_sales_ratio,nsa,2.71,False
2000,2,2000-02,4522,Department stores,inv_sales_ratio,nsa,2.68,False
2000,3,2000-03,4522,Department stores,inv_sales_ratio,nsa,2.36,False
2000,4,2000-04,4522,Department stores,inv_sales_ratio,nsa,2.31,False
2000,5,2000-05,4522,Department stores,inv_sales_ratio,nsa,2.2,False
2000,6,2000-06,4522,Department stores,inv_sales_ratio,nsa,2.24,False
2000,7,2000-07,4522,Department stores,inv_sales_ratio,nsa,2.34,False
2000,8,2000-08,4522,Department stores,inv_sales_ratio,nsa,2.24,False
2000,9,2000-09,4522,Department stores,inv_sales_ratio,nsa,2.61,False
2000,10,2000-10,4522,Department stores,inv_sales_ratio,nsa,2.79,False
2000,11,2000-11,4522,Department stores,inv_sales_ratio,nsa,2.19,False
2000,12,2000-12,4522,Department stores,inv_sales_ratio,nsa,1.15,False
2001,1,2001-01,4522,Department stores,inv_sales_ratio,nsa,2.59,False
2001,2,2001-02,4522,Department stores,inv_sales_ratio,nsa,2.65,False
2001,3,2001-03,4522,Department stores,inv_sales_ratio,nsa,2.44,False
2001,4,2001-04,4522,Department stores,inv_sales_ratio,nsa,2.31,False
2001,5,2001-05,4522,Department stores,inv_sales_ratio,nsa,2.23,False
2001,6,2001-06,4522,Department stores,inv_sales_ratio,nsa,2.24,False
2001,7,2001-07,4522,Department stores,inv_sales_ratio,nsa,2.33,False
2001,8,2001-08,4522,Department stores,inv_sales_ratio,nsa,2.18,False
2001,9,2001-09,4522,Department stores,inv_sales_ratio,nsa,2.69,False
2001,10,2001-10,4522,Department stores,inv_sales_ratio,nsa,2.74,False
2001,11,2001-11,4522,Department stores,inv_sales_ratio,nsa,2.16,False
2001,12,2001-12,4522,Department stores,inv_sales_ratio,nsa,1.14,False
2002,1,2002-01,4522,Department stores,inv_sales_ratio,nsa,2.48,False
2002,2,2002-02,4522,Department stores,inv_sales_ratio,nsa,2.46,False
2002,3,2002-03,4522,Department stores,inv_sales_ratio,nsa,2.12,False
2002,4,2002-04,4522,Department stores,inv_sales_ratio,nsa,2.19,False
2002,5,2002-05,4522,Department stores,inv_sales_ratio,nsa,2.03,False
2002,6,2002-06,4522,Department stores,inv_sales_ratio,nsa,2.08,False
2002,7,2002-07,4522,Department stores,inv_sales_ratio,nsa,2.25,False
2002,8,2002-08,4522,Department stores,inv_sales_ratio,nsa,2.08,False
2002,9,2002-09,4522,Department stores,inv_sales_ratio,nsa,2.6,False
2002,10,2002-10,4522,Department stores,inv_sales_ratio,nsa,2.57,False
2002,11,2002-11,4522,Department stores,inv_sales_ratio,nsa,2.24,False
2002,12,2002-12,4522,Department stores,inv_sales_ratio,nsa,1.16,False
2003,1,2003-01,4522,Department stores,inv_sales_ratio,nsa,2.51,False
2003,2,2003-02,4522,Department stores,inv_sales_ratio,nsa,2.48,False
2003,3,2003-03,4522,Department stores,inv_sales_ratio,nsa,2.27,False
2003,4,2003-04,4522,Department stores,inv_sales_ratio,nsa,2.3,False
2003,5,2003-05,4522,Department stores,inv_sales_ratio,nsa,2.08,False
2003,6,2003-06,4522,Department stores,inv_sales_ratio,nsa,2.13,False
2003,7,2003-07,4522,Department stores,inv_sales_ratio,nsa,2.18,False
2003,8,2003-08,4522,Department stores,inv_sales_ratio,nsa,2.0,False
2003,9,2003-09,4522,Department stores,inv_sales_ratio,nsa,2.55,False
2003,10,2003-10,4522,Department stores,inv_sales_ratio,nsa,2.55,False
2003,11,2003-11,4522,Department stores,inv_sales_ratio,nsa,2.16,False
2003,12,2003-12,4522,Department stores,inv_sales_ratio,nsa,1.11,False
2004,1,2004-01,4522,Department stores,inv_sales_ratio,nsa,2.4,False
2004,2,2004-02,4522,Department stores,inv_sales_ratio,nsa,2.28,False
2004,3,2004-03,4522,Department stores,inv_sales_ratio,nsa,2.2,False
2004,4,2004-04,4522,Department stores,inv_sales_ratio,nsa,2.17,False
2004,5,2004-05,4522,Department stores,inv_sales_ratio,nsa,2.04,False
2004,6,2004-06,4522,Department stores,inv_sales_ratio,nsa,2.13,False
2004,7,2004-07,4522,Department stores,inv_sales_ratio,nsa,2.13,False
2004,8,2004-08,4522,Department stores,inv_sales_ratio,nsa,2.11,False
2004,9,2004-09,4522,Department stores,inv_sales_ratio,nsa,2.45,False
2004,10,2004-10,4522,Department stores,inv_sales_ratio,nsa,2.5,False
2004,11,2004-11,4522,Department stores,inv_sales_ratio,nsa,2.18,False
2004,12,2004-12,4522,Department stores,inv_sales_ratio,nsa,1.09,False
2005,1,2005-01,4522,Department stores,inv_sales_ratio,nsa,2.42,False
2005,2,2005-02,4522,Department stores,inv_sales_ratio,nsa,2.35,False
2005,3,2005-03,4522,Department stores,inv_sales_ratio,nsa,2.26,False
2005,4,2005-04,4522,Department stores,inv_sales_ratio,nsa,2.21,False
2005,5,2005-05,4522,Department stores,inv_sales_ratio,nsa,2.12,False
2005,6,2005-06,4522,Department stores,inv_sales_ratio,nsa,2.05,False
2005,7,2005-07,4522,Department stores,inv_sales_ratio,nsa,2.19,False
2005,8,2005-08,4522,Department stores,inv_sales_ratio,nsa,2.16,False
2005,9,2005-09,4522,Department stores,inv_sales_ratio,nsa,2.61,False
2005,10,2005-10,4522,Department stores,inv_sales_ratio,nsa,2.55,False
2005,11,2005-11,4522,Department stores,inv_sales_ratio,nsa,2.17,False
2005,12,2005-12,4522,Department stores,inv_sales_ratio,nsa,1.15,False
2006,1,2006-01,4522,Department stores,inv_sales_ratio,nsa,2.45,False
2006,2,2006-02,4522,Department stores,inv_sales_ratio,nsa,2.32,False
2006,3,2006-03,4522,Department stores,inv_sales_ratio,nsa,2.16,False
2006,4,2006-04,4522,Department stores,inv_sales_ratio,nsa,2.1,False
2006,5,2006-05,4522,Department stores,inv_sales_ratio,nsa,2.02,False
2006,6,2006-06,4522,Department stores,inv_sales_ratio,nsa,2.0,False
2006,7,2006-07,4522,Department stores,inv_sales_ratio,nsa,2.12,False
2006,8,2006-08,4522,Department stores,inv_sales_ratio,nsa,2.09,False
2006,9,2006-09,4522,Department stores,inv_sales_ratio,nsa,2.48,False
2006,10,2006-10,4522,Department stores,inv_sales_ratio,nsa,2.6,False
2006,11,2006-11,4522,Department stores,inv_sales_ratio,nsa,2.14,False
2006,12,2006-12,4522,Department stores,inv_sales_ratio,nsa,1.14,False
2007,1,2007-01,4522,Department stores,inv_sales_ratio,nsa,2.45,False
2007,2,2007-02,4522,Department stores,inv_sales_ratio,nsa,2.43,False
2007,3,2007-03,4522,Department stores,inv_sales_ratio,nsa,2.16,False
2007,4,2007-04,4522,Department stores,inv_sales_ratio,nsa,2.24,False
2007,5,2007-05,4522,Department stores,inv_sales_ratio,nsa,2.07,False
2007,6,2007-06,4522,Department stores,inv_sales_ratio,nsa,2.12,False
2007,7,2007-07,4522,Department stores,inv_sales_ratio,nsa,2.23,False
2007,8,2007-08,4522,Department stores,inv_sales_ratio,nsa,2.07,False
2007,9,2007-09,4522,Department stores,inv_sales_ratio,nsa,2.6,False
2007,10,2007-10,4522,Department stores,inv_sales_ratio,nsa,2.71,False
2007,11,2007-11,4522,Department stores,inv_sales_ratio,nsa,2.11,False
2007,12,2007-12,4522,Department stores,inv_sales_ratio,nsa,1.16,False
2008,1,2008-01,4522,Department stores,inv_sales_ratio,nsa,2.54,False
2008,2,2008-02,4522,Department stores,inv_sales_ratio,nsa,2.39,False
2008,3,2008-03,4522,Department stores,inv_sales_ratio,nsa,2.19,False
2008,4,2008-04,4522,Department stores,inv_sales_ratio,nsa,2.32,False
2008,5,2008-05,4522,Department stores,inv_sales_ratio,nsa,2.04,False
2008,6,2008-06,4522,Department stores,inv_sales_ratio,nsa,2.07,False
2008,7,2008-07,4522,Department stores,inv_sales_ratio,nsa,2.19,False
2008,8,2008-08,4522,Department stores,inv_sales_ratio,nsa,2.05,False
2008,9,2008-09,4522,Department stores,inv_sales_ratio,nsa,2.73,False
2008,10,2008-10,4522,Department stores,inv_sales_ratio,nsa,2.73,False
2008,11,2008-11,4522,Department stores,inv_sales_ratio,nsa,2.13,False
2008,12,2008-12,4522,Department stores,inv_sales_ratio,nsa,1.14,False
2009,1,2009-01,4522,Department stores,inv_sales_ratio,nsa,2.39,False
2009,2,2009-02,4522,Department stores,inv_sales_ratio,nsa,2.36,False
2009,3,2009-03,4522,Department stores,inv_sales_ratio,nsa,2.24,False
2009,4,2009-04,4522,Department stores,inv_sales_ratio,nsa,2.16,False
2009,5,2009-05,4522,Department stores,inv_sales_ratio,nsa,1.99,False
2009,6,2009-06,4522,Department stores,inv_sales_ratio,nsa,2.13,False
2009,7,2009-07,4522,Department stores,inv_sales_ratio,nsa,2.13,False
2009,8,2009-08,4522,Department stores,inv_sales_ratio,nsa,2.02,False
2009,9,2009-09,4522,Department stores,inv_sales_ratio,nsa,2.56,False
2009,10,2009-10,4522,Department stores,inv_sales_ratio,nsa,2.55,False
2009,11,2009-11,4522,Department stores,inv_sales_ratio,nsa,2.07,False
2009,12,2009-12,4522,Department stores,inv_sales_ratio,nsa,1.09,False
2010,1,2010-01,4522,Department stores,inv_sales_ratio,nsa,2.34,False
2010,2,2010-02,4522,Department stores,inv_sales_ratio,nsa,2.25,False
2010,3,2010-03,4522,Department stores,inv_sales_ratio,nsa,2.01,False
2010,4,2010-04,4522,Department stores,inv_sales_ratio,nsa,2.11,False
2010,5,2010-05,4522,Department stores,inv_sales_ratio,nsa,1.96,False
2010,6,2010-06,4522,Department stores,inv_sales_ratio,nsa,2.01,False
2010,7,2010-07,4522,Department stores,inv_sales_ratio,nsa,2.1,False
2010,8,2010-08,4522,Department stores,inv_sales_ratio,nsa,2.04,False
2010,9,2010-09,4522,Department stores,inv_sales_ratio,nsa,2.44,False
2010,10,2010-10,4522,Department stores,inv_sales_ratio,nsa,2.57,False
2010,11,2010-11,4522,Department stores,inv_sales_ratio,nsa,2.03,False
2010,12,2010-12,4522,Department stores,inv_sales_ratio,nsa,1.09,False
2011,1,2011-01,4522,Department stores,inv_sales_ratio,nsa,2.41,False
2011,2,2011-02,4522,Department stores,inv_sales_ratio,nsa,2.25,False
2011,3,2011-03,4522,Department stores,inv_sales_ratio,nsa,2.15,False
2011,4,2011-04,4522,Department stores,inv_sales_ratio,nsa,2.11,False
2011,5,2011-05,4522,Department stores,inv_sales_ratio,nsa,2.1,False
2011,6,2011-06,4522,Department stores,inv_sales_ratio,nsa,2.02,False
2011,7,2011-07,4522,Department stores,inv_sales_ratio,nsa,2.16,False
2011,8,2011-08,4522,Department stores,inv_sales_ratio,nsa,2.12,False
2011,9,2011-09,4522,Department stores,inv_sales_ratio,nsa,2.53,False
2011,10,2011-10,4522,Department stores,inv_sales_ratio,nsa,2.68,False
2011,11,2011-11,4522,Department stores,inv_sales_ratio,nsa,2.12,False
2011,12,2011-12,4522,Department stores,inv_sales_ratio,nsa,1.15,False
2012,1,2012-01,4522,Department stores,inv_sales_ratio,nsa,2.54,False
2012,2,2012-02,4522,Department stores,inv_sales_ratio,nsa,2.21,False
2012,3,2012-03,4522,Department stores,inv_sales_ratio,nsa,2.05,False
2012,4,2012-04,4522,Department stores,inv_sales_ratio,nsa,2.23,False
2012,5,2012-05,4522,Department stores,inv_sales_ratio,nsa,2.14,False
2012,6,2012-06,4522,Department stores,inv_sales_ratio,nsa,2.13,False
2012,7,2012-07,4522,Department stores,inv_sales_ratio,nsa,2.28,False
2012,8,2012-08,4522,Department stores,inv_sales_ratio,nsa,2.11,False
2012,9,2012-09,4522,Department stores,inv_sales_ratio,nsa,2.57,False
2012,10,2012-10,4522,Department stores,inv_sales_ratio,nsa,2.88,False
2012,11,2012-11,4522,Department stores,inv_sales_ratio,nsa,2.21,False
2012,12,2012-12,4522,Department stores,inv_sales_ratio,nsa,1.29,False
2013,1,2013-01,4522,Department stores,inv_sales_ratio,nsa,2.83,False
2013,2,2013-02,4522,Department stores,inv_sales_ratio,nsa,2.71,False
2013,3,2013-03,4522,Department stores,inv_sales_ratio,nsa,2.42,False
2013,4,2013-04,4522,Department stores,inv_sales_ratio,nsa,2.73,False
2013,5,2013-05,4522,Department stores,inv_sales_ratio,nsa,2.43,False
2013,6,2013-06,4522,Department stores,inv_sales_ratio,nsa,2.51,False
2013,7,2013-07,4522,Department stores,inv_sales_ratio,nsa,2.71,False
2013,8,2013-08,4522,Department stores,inv_sales_ratio,nsa,2.48,False
2013,9,2013-09,4522,Department stores,inv_sales_ratio,nsa,3.14,False
2013,10,2013-10,4522,Department stores,inv_sales_ratio,nsa,3.31,False
2013,11,2013-11,4522,Department stores,inv_sales_ratio,nsa,2.59,False
2013,12,2013-12,4522,Department stores,inv_sales_ratio,nsa,1.46,False
2014,1,2014-01,4522,Department stores,inv_sales_ratio,nsa,3.32,False
2014,2,2014-02,4522,Department stores,inv_sales_ratio,nsa,3.04,False
2014,3,2014-03,4522,Department stores,inv_sales_ratio,nsa,2.74,False
2014,4,2014-04,4522,Department stores,inv_sales_ratio,nsa,2.74,False
2014,5,2014-05,4522,Department stores,inv_sales_ratio,nsa,2.53,False
2014,6,2014-06,4522,Department stores,inv_sales_ratio,nsa,2.67,False
2014,7,2014-07,4522,Department stores,inv_sales_ratio,nsa,2.75,False
2014,8,2014-08,4522,Department stores,inv_sales_ratio,nsa,2.55,False
2014,9,2014-09,4522,Department stores,inv_sales_ratio,nsa,3.32,False
2014,10,2014-10,4522,Department stores,inv_sales_ratio,nsa,3.43,False
2014,11,2014-11,4522,Department stores,inv_sales_ratio,nsa,2.66,False
2014,12,2014-12,4522,Department stores,inv_sales_ratio,nsa,1.47,False
2015,1,2015-01,4522,Department stores,inv_sales_ratio,nsa,3.31,False
2015,2,2015-02,4522,Department stores,inv_sales_ratio,nsa,3.25,False
2015,3,2015-03,4522,Department stores,inv_sales_ratio,nsa,2.82,False
2015,4,2015-04,4522,Department stores,inv_sales_ratio,nsa,3.11,False
2015,5,2015-05,4522,Department stores,inv_sales_ratio,nsa,2.76,False
2015,6,2015-06,4522,Department stores,inv_sales_ratio,nsa,2.97,False
2015,7,2015-07,4522,Department stores,inv_sales_ratio,nsa,2.99,False
2015,8,2015-08,4522,Department stores,inv_sales_ratio,nsa,2.82,False
2015,9,2015-09,4522,Department stores,inv_sales_ratio,nsa,3.67,False
2015,10,2015-10,4522,Department stores,inv_sales_ratio,nsa,3.82,False
2015,11,2015-11,4522,Department stores,inv_sales_ratio,nsa,2.96,False
2015,12,2015-12,4522,Department stores,inv_sales_ratio,nsa,1.65,False
2016,1,2016-01,4522,Department stores,inv_sales_ratio,nsa,3.76,False
2016,2,2016-02,4522,Department stores,inv_sales_ratio,nsa,3.49,False
2016,3,2016-03,4522,Department stores,inv_sales_ratio,nsa,3.12,False
2016,4,2016-04,4522,Department stores,inv_sales_ratio,nsa,3.37,False
2016,5,2016-05,4522,Department stores,inv_sales_ratio,nsa,3.12,False
2016,6,2016-06,4522,Department stores,inv_sales_ratio,nsa,3.03,False
2016,7,2016-07,4522,Department stores,inv_sales_ratio,nsa,3.19,False
2016,8,2016-08,4522,Department stores,inv_sales_ratio,nsa,2.97,False
2016,9,2016-09,4522,Department stores,inv_sales_ratio,nsa,3.72,False
2016,10,2016-10,4522,Department stores,inv_sales_ratio,nsa,4.0,False
2016,11,2016-11,4522,Department stores,inv_sales_ratio,nsa,3.15,False
2016,12,2016-12,4522,Department stores,inv_sales_ratio,nsa,1.73,False
2017,1,2017-01,4522,Department stores,inv_sales_ratio,nsa,4.0,False
2017,2,2017-02,4522,Department stores,inv_sales_ratio,nsa,3.79,False
2017,3,2017-03,4522,Department stores,inv_sales_ratio,nsa,3.33,False
2017,4,2017-04,4522,Department stores,inv_sales_ratio,nsa,3.41,False
2017,5,2017-05,4522,Department stores,inv_sales_ratio,nsa,3.17,False
2017,6,2017-06,4522,Department stores,inv_sales_ratio,nsa,3.15,False
2017,7,2017-07,4522,Department stores,inv_sales_ratio,nsa,3.22,False
2017,8,2017-08,4522,Department stores,inv_sales_ratio,nsa,3.01,False
2017,9,2017-09,4522,Department stores,inv_sales_ratio,nsa,3.75,False
2017,10,2017-10,4522,Department stores,inv_sales_ratio,nsa,4.09,False
2017,11,2017-11,4522,Department stores,inv_sales_ratio,nsa,2.96,False
2017,12,2017-12,4522,Department stores,inv_sales_ratio,nsa,1.68,False
2018,1,2018-01,4522,Department stores,inv_sales_ratio,nsa,3.84,False
2018,2,2018-02,4522,Department stores,inv_sales_ratio,nsa,3.68,False
2018,3,2018-03,4522,Department stores,inv_sales_ratio,nsa,3.09,False
2018,4,2018-04,4522,Department stores,inv_sales_ratio,nsa,3.37,False
2018,5,2018-05,4522,Department stores,inv_sales_ratio,nsa,2.79,False
2018,6,2018-06,4522,Department stores,inv_sales_ratio,nsa,3.1,False
2018,7,2018-07,4522,Department stores,inv_sales_ratio,nsa,3.23,False
2018,8,2018-08,4522,Department stores,inv_sales_ratio,nsa,2.89,False
2018,9,2018-09,4522,Department stores,inv_sales_ratio,nsa,3.78,False
2018,10,2018-10,4522,Department stores,inv_sales_ratio,nsa,3.97,False
2018,11,2018-11,4522,Department stores,inv_sales_ratio,nsa,2.4,False
2018,12,2018-12,4522,Department stores,inv_sales_ratio,nsa,1.42,False
2019,1,2019-01,4522,Department stores,inv_sales_ratio,nsa,4.31,False
2019,2,2019-02,4522,Department stores,inv_sales_ratio,nsa,3.8,False
2019,3,2019-03,4522,Department stores,inv_sales_ratio,nsa,3.25,False
2019,4,2019-04,4522,Department stores,inv_sales_ratio,nsa,3.25,False
2019,5,2019-05,4522,Department stores,inv_sales_ratio,nsa,2.79,False
2019,6,2019-06,4522,Department stores,inv_sales_ratio,nsa,3.03,False
2019,7,2019-07,4522,Department stores,inv_sales_ratio,nsa,2.88,False
2019,8,2019-08,4522,Department stores,inv_sales_ratio,nsa,2.75,False
2019,9,2019-09,4522,Department stores,inv_sales_ratio,nsa,3.83,False
2019,10,2019-10,4522,Department stores,inv_sales_ratio,nsa,4.06,False
2019,11,2019-11,4522,Department stores,inv_sales_ratio,nsa,2.63,False
2019,12,2019-12,4522,Department stores,inv_sales_ratio,nsa,1.38,False
2020,1,2020-01,4522,Department stores,inv_sales_ratio,nsa,4.25,False
2020,2,2020-02,4522,Department stores,inv_sales_ratio,nsa,3.72,False
2020,3,2020-03,4522,Department stores,inv_sales_ratio,nsa,6.9,False
2020,4,2020-04,4522,Department stores,inv_sales_ratio,nsa,52.98,False
2020,5,2020-05,4522,Department stores,inv_sales_ratio,nsa,7.13,False
2020,6,2020-06,4522,Department stores,inv_sales_ratio,nsa,3.77,False
2020,7,2020-07,4522,Department stores,inv_sales_ratio,nsa,3.47,False
2020,8,2020-08,4522,Department stores,inv_sales_ratio,nsa,3.2,False
2020,9,2020-09,4522,Department stores,inv_sales_ratio,nsa,3.53,False
2020,10,2020-10,4522,Department stores,inv_sales_ratio,nsa,3.67,False
2020,11,2020-11,4522,Department stores,inv_sales_ratio,nsa,2.49,False
2020,12,2020-12,4522,Department stores,inv_sales_ratio,nsa,1.29,False
2021,1,2021-01,4522,Department stores,inv_sales_ratio,nsa,3.61,False
2021,2,2021-02,4522,Department stores,inv_sales_ratio,nsa,3.34,False
2021,3,2021-03,4522,Department stores,inv_sales_ratio,nsa,2.36,False
2021,4,2021-04,4522,Department stores,inv_sales_ratio,nsa,2.36,False
2021,5,2021-05,4522,Department stores,inv_sales_ratio,nsa,1.99,False
2021,6,2021-06,4522,Department stores,inv_sales_ratio,nsa,2.09,False
2021,7,2021-07,4522,Department stores,inv_sales_ratio,nsa,2.19,False
2021,8,2021-08,4522,Department stores,inv_sales_ratio,nsa,2.27,False
2021,9,2021-09,4522,Department stores,inv_sales_ratio,nsa,2.83,False
2021,10,2021-10,4522,Department stores,inv_sales_ratio,nsa,2.88,False
2021,11,2021-11,4522,Department stores,inv_sales_ratio,nsa,2.01,False
2021,12,2021-12,4522,Department stores,inv_sales_ratio,nsa,1.15,False
2022,1,2022-01,4522,Department stores,inv_sales_ratio,nsa,3.65,False
2022,2,2022-02,4522,Department stores,inv_sales_ratio,nsa,3.13,False
2022,3,2022-03,4522,Department stores,inv_sales_ratio,nsa,2.87,False
2022,4,2022-04,4522,Department stores,inv_sales_ratio,nsa,2.71,False
2022,5,2022-05,4522,Department stores,inv_sales_ratio,nsa,2.51,False
2022,6,2022-06,4522,Department stores,inv_sales_ratio,nsa,2.72,False
2022,7,2022-07,4522,Department stores,inv_sales_ratio,nsa,2.75,False
2022,8,2022-08,4522,Department stores,inv_sales_ratio,nsa,2.71,False
2022,9,2022-09,4522,Department stores,inv_sales_ratio,nsa,3.36,False
2022,10,2022-10,4522,Department stores,inv_sales_ratio,nsa,3.39,False
2022,11,2022-11,4522,Department stores,inv_sales_ratio,nsa,2.35,False
2022,12,2022-12,4522,Department stores,inv_sales_ratio,nsa,1.21,False
2023,1,2023-01,4522,Department stores,inv_sales_ratio,nsa,3.33,False
2023,2,2023-02,4522,Department stores,inv_sales_ratio,nsa,3.02,False
2023,3,2023-03,4522,Department stores,inv_sales_ratio,nsa,2.87,False
2023,4,2023-04,4522,Department stores,inv_sales_ratio,nsa,2.78,False
2023,5,2023-05,4522,Department stores,inv_sales_ratio,nsa,2.45,False
2023,6,2023-06,4522,Department stores,inv_sales_ratio,nsa,2.61,False
2023,7,2023-07,4522,Department stores,inv_sales_ratio,nsa,2.65,False
2023,8,2023-08,4522,Department stores,inv_sales_ratio,nsa,2.66,False
2023,9,2023-09,4522,Department stores,inv_sales_ratio,nsa,3.33,False
2023,10,2023-10,4522,Department stores,inv_sales_ratio,nsa,3.46,False
2023,11,2023-11,4522,Department stores,inv_sales_ratio,nsa,2.27,False
2023,12,2023-12,4522,Department stores,inv_sales_ratio,nsa,1.18,False
2024,1,2024-01,4522,Department stores,inv_sales_ratio,nsa,3.5,False
2024,2,2024-02,4522,Department stores,inv_sales_ratio,nsa,3.08,False
2024,3,2024-03,4522,Department stores,inv_sales_ratio,nsa,2.85,False
2024,4,2024-04,4522,Department stores,inv_sales_ratio,nsa,2.82,False
2024,5,2024-05,4522,Department stores,inv_sales_ratio,nsa,2.47,False
2024,6,2024-06,4522,Department stores,inv_sales_ratio,nsa,2.66,False
2024,7,2024-07,4522,Department stores,inv_sales_ratio,nsa,2.81,False
2024,8,2024-08,4522,Department stores,inv_sales_ratio,nsa,2.84,False
2024,9,2024-09,4522,Department stores,inv_sales_ratio,nsa,3.55,False
2024,10,2024-10,4522,Department stores,inv_sales_ratio,nsa,3.59,False
2024,11,2024-11,4522,Department stores,inv_sales_ratio,nsa,2.39,False
2024,12,2024-12,4522,Department stores,inv_sales_ratio,nsa,1.34,False
2025,1,2025-01,4522,Department stores,inv_sales_ratio,nsa,3.6,False
2025,2,2025-02,4522,Department stores,inv_sales_ratio,nsa,3.36,False
2025,3,2025-03,4522,Department stores,inv_sales_ratio,nsa,2.98,False
2025,4,2025-04,4522,Department stores,inv_sales_ratio,nsa,2.88,False
2025,5,2025-05,4522,Department stores,inv_sales_ratio,nsa,2.51,False
2025,6,2025-06,4522,Department stores,inv_sales_ratio,nsa,2.82,False
2025,7,2025-07,4522,Department stores,inv_sales_ratio,nsa,2.77,False
2025,8,2025-08,4522,Department stores,inv_sales_ratio,nsa,2.84,False
2025,9,2025-09,4522,Department stores,inv_sales_ratio,nsa,3.68,False
2025,10,2025-10,4522,Department stores,inv_sales_ratio,nsa,3.31,False
2025,11,2025-11,4522,Department stores,inv_sales_ratio,nsa,2.22,False
2025,12,2025-12,4522,Department stores,inv_sales_ratio,nsa,1.26,False
2026,1,2026-01,4522,Department stores,inv_sales_ratio,nsa,3.88,False
2026,2,2026-02,4522,Department stores,inv_sales_ratio,nsa,3.44,False
2026,3,2026-03,4522,Department stores,inv_sales_ratio,nsa,2.86,False
2026,4,2026-04,4522,Department stores,inv_sales_ratio,nsa,2.79,False
2026,5,2026-05,4522,Department stores,inv_sales_ratio,nsa,2.44,False
1992,1,1992-01,4522,Department stores,inv_sales_ratio,sa,2.6,False
1992,2,1992-02,4522,Department stores,inv_sales_ratio,sa,2.53,False
1992,3,1992-03,4522,Department stores,inv_sales_ratio,sa,2.54,False
1992,4,1992-04,4522,Department stores,inv_sales_ratio,sa,2.58,False
1992,5,1992-05,4522,Department stores,inv_sales_ratio,sa,2.5,False
1992,6,1992-06,4522,Department stores,inv_sales_ratio,sa,2.54,False
1992,7,1992-07,4522,Department stores,inv_sales_ratio,sa,2.61,False
1992,8,1992-08,4522,Department stores,inv_sales_ratio,sa,2.55,False
1992,9,1992-09,4522,Department stores,inv_sales_ratio,sa,2.54,False
1992,10,1992-10,4522,Department stores,inv_sales_ratio,sa,2.54,False
1992,11,1992-11,4522,Department stores,inv_sales_ratio,sa,2.5,False
1992,12,1992-12,4522,Department stores,inv_sales_ratio,sa,2.49,False
1993,1,1993-01,4522,Department stores,inv_sales_ratio,sa,2.55,False
1993,2,1993-02,4522,Department stores,inv_sales_ratio,sa,2.61,False
1993,3,1993-03,4522,Department stores,inv_sales_ratio,sa,2.69,False
1993,4,1993-04,4522,Department stores,inv_sales_ratio,sa,2.63,False
1993,5,1993-05,4522,Department stores,inv_sales_ratio,sa,2.6,False
1993,6,1993-06,4522,Department stores,inv_sales_ratio,sa,2.59,False
1993,7,1993-07,4522,Department stores,inv_sales_ratio,sa,2.56,False
1993,8,1993-08,4522,Department stores,inv_sales_ratio,sa,2.56,False
1993,9,1993-09,4522,Department stores,inv_sales_ratio,sa,2.55,False
1993,10,1993-10,4522,Department stores,inv_sales_ratio,sa,2.52,False
1993,11,1993-11,4522,Department stores,inv_sales_ratio,sa,2.54,False
1993,12,1993-12,4522,Department stores,inv_sales_ratio,sa,2.54,False
1994,1,1994-01,4522,Department stores,inv_sales_ratio,sa,2.46,False
1994,2,1994-02,4522,Department stores,inv_sales_ratio,sa,2.45,False
1994,3,1994-03,4522,Department stores,inv_sales_ratio,sa,2.39,False
1994,4,1994-04,4522,Department stores,inv_sales_ratio,sa,2.47,False
1994,5,1994-05,4522,Department stores,inv_sales_ratio,sa,2.52,False
1994,6,1994-06,4522,Department stores,inv_sales_ratio,sa,2.53,False
1994,7,1994-07,4522,Department stores,inv_sales_ratio,sa,2.5,False
1994,8,1994-08,4522,Department stores,inv_sales_ratio,sa,2.48,False
1994,9,1994-09,4522,Department stores,inv_sales_ratio,sa,2.5,False
1994,10,1994-10,4522,Department stores,inv_sales_ratio,sa,2.47,False
1994,11,1994-11,4522,Department stores,inv_sales_ratio,sa,2.47,False
1994,12,1994-12,4522,Department stores,inv_sales_ratio,sa,2.48,False
1995,1,1995-01,4522,Department stores,inv_sales_ratio,sa,2.48,False
1995,2,1995-02,4522,Department stores,inv_sales_ratio,sa,2.56,False
1995,3,1995-03,4522,Department stores,inv_sales_ratio,sa,2.49,False
1995,4,1995-04,4522,Department stores,inv_sales_ratio,sa,2.49,False
1995,5,1995-05,4522,Department stores,inv_sales_ratio,sa,2.5,False
1995,6,1995-06,4522,Department stores,inv_sales_ratio,sa,2.49,False
1995,7,1995-07,4522,Department stores,inv_sales_ratio,sa,2.46,False
1995,8,1995-08,4522,Department stores,inv_sales_ratio,sa,2.5,False
1995,9,1995-09,4522,Department stores,inv_sales_ratio,sa,2.48,False
1995,10,1995-10,4522,Department stores,inv_sales_ratio,sa,2.53,False
1995,11,1995-11,4522,Department stores,inv_sales_ratio,sa,2.51,False
1995,12,1995-12,4522,Department stores,inv_sales_ratio,sa,2.51,False
1996,1,1996-01,4522,Department stores,inv_sales_ratio,sa,2.58,False
1996,2,1996-02,4522,Department stores,inv_sales_ratio,sa,2.51,False
1996,3,1996-03,4522,Department stores,inv_sales_ratio,sa,2.52,False
1996,4,1996-04,4522,Department stores,inv_sales_ratio,sa,2.47,False
1996,5,1996-05,4522,Department stores,inv_sales_ratio,sa,2.46,False
1996,6,1996-06,4522,Department stores,inv_sales_ratio,sa,2.49,False
1996,7,1996-07,4522,Department stores,inv_sales_ratio,sa,2.52,False
1996,8,1996-08,4522,Department stores,inv_sales_ratio,sa,2.51,False
1996,9,1996-09,4522,Department stores,inv_sales_ratio,sa,2.47,False
1996,10,1996-10,4522,Department stores,inv_sales_ratio,sa,2.46,False
1996,11,1996-11,4522,Department stores,inv_sales_ratio,sa,2.48,False
1996,12,1996-12,4522,Department stores,inv_sales_ratio,sa,2.42,False
1997,1,1997-01,4522,Department stores,inv_sales_ratio,sa,2.41,False
1997,2,1997-02,4522,Department stores,inv_sales_ratio,sa,2.41,False
1997,3,1997-03,4522,Department stores,inv_sales_ratio,sa,2.39,False
1997,4,1997-04,4522,Department stores,inv_sales_ratio,sa,2.45,False
1997,5,1997-05,4522,Department stores,inv_sales_ratio,sa,2.42,False
1997,6,1997-06,4522,Department stores,inv_sales_ratio,sa,2.41,False
1997,7,1997-07,4522,Department stores,inv_sales_ratio,sa,2.38,False
1997,8,1997-08,4522,Department stores,inv_sales_ratio,sa,2.35,False
1997,9,1997-09,4522,Department stores,inv_sales_ratio,sa,2.39,False
1997,10,1997-10,4522,Department stores,inv_sales_ratio,sa,2.35,False
1997,11,1997-11,4522,Department stores,inv_sales_ratio,sa,2.35,False
1997,12,1997-12,4522,Department stores,inv_sales_ratio,sa,2.4,False
1998,1,1998-01,4522,Department stores,inv_sales_ratio,sa,2.41,False
1998,2,1998-02,4522,Department stores,inv_sales_ratio,sa,2.37,False
1998,3,1998-03,4522,Department stores,inv_sales_ratio,sa,2.39,False
1998,4,1998-04,4522,Department stores,inv_sales_ratio,sa,2.37,False
1998,5,1998-05,4522,Department stores,inv_sales_ratio,sa,2.33,False
1998,6,1998-06,4522,Department stores,inv_sales_ratio,sa,2.38,False
1998,7,1998-07,4522,Department stores,inv_sales_ratio,sa,2.4,False
1998,8,1998-08,4522,Department stores,inv_sales_ratio,sa,2.39,False
1998,9,1998-09,4522,Department stores,inv_sales_ratio,sa,2.38,False
1998,10,1998-10,4522,Department stores,inv_sales_ratio,sa,2.35,False
1998,11,1998-11,4522,Department stores,inv_sales_ratio,sa,2.32,False
1998,12,1998-12,4522,Department stores,inv_sales_ratio,sa,2.3,False
1999,1,1999-01,4522,Department stores,inv_sales_ratio,sa,2.29,False
1999,2,1999-02,4522,Department stores,inv_sales_ratio,sa,2.24,False
1999,3,1999-03,4522,Department stores,inv_sales_ratio,sa,2.25,False
1999,4,1999-04,4522,Department stores,inv_sales_ratio,sa,2.28,False
1999,5,1999-05,4522,Department stores,inv_sales_ratio,sa,2.27,False
1999,6,1999-06,4522,Department stores,inv_sales_ratio,sa,2.24,False
1999,7,1999-07,4522,Department stores,inv_sales_ratio,sa,2.25,False
1999,8,1999-08,4522,Department stores,inv_sales_ratio,sa,2.26,False
1999,9,1999-09,4522,Department stores,inv_sales_ratio,sa,2.22,False
1999,10,1999-10,4522,Department stores,inv_sales_ratio,sa,2.24,False
1999,11,1999-11,4522,Department stores,inv_sales_ratio,sa,2.31,False
1999,12,1999-12,4522,Department stores,inv_sales_ratio,sa,2.28,False
2000,1,2000-01,4522,Department stores,inv_sales_ratio,sa,2.27,False
2000,2,2000-02,4522,Department stores,inv_sales_ratio,sa,2.3,False
2000,3,2000-03,4522,Department stores,inv_sales_ratio,sa,2.25,False
2000,4,2000-04,4522,Department stores,inv_sales_ratio,sa,2.24,False
2000,5,2000-05,4522,Department stores,inv_sales_ratio,sa,2.23,False
2000,6,2000-06,4522,Department stores,inv_sales_ratio,sa,2.24,False
2000,7,2000-07,4522,Department stores,inv_sales_ratio,sa,2.22,False
2000,8,2000-08,4522,Department stores,inv_sales_ratio,sa,2.23,False
2000,9,2000-09,4522,Department stores,inv_sales_ratio,sa,2.2,False
2000,10,2000-10,4522,Department stores,inv_sales_ratio,sa,2.23,False
2000,11,2000-11,4522,Department stores,inv_sales_ratio,sa,2.2,False
2000,12,2000-12,4522,Department stores,inv_sales_ratio,sa,2.17,False
2001,1,2001-01,4522,Department stores,inv_sales_ratio,sa,2.16,False
2001,2,2001-02,4522,Department stores,inv_sales_ratio,sa,2.23,False
2001,3,2001-03,4522,Department stores,inv_sales_ratio,sa,2.33,False
2001,4,2001-04,4522,Department stores,inv_sales_ratio,sa,2.23,False
2001,5,2001-05,4522,Department stores,inv_sales_ratio,sa,2.25,False
2001,6,2001-06,4522,Department stores,inv_sales_ratio,sa,2.25,False
2001,7,2001-07,4522,Department stores,inv_sales_ratio,sa,2.18,False
2001,8,2001-08,4522,Department stores,inv_sales_ratio,sa,2.22,False
2001,9,2001-09,4522,Department stores,inv_sales_ratio,sa,2.24,False
2001,10,2001-10,4522,Department stores,inv_sales_ratio,sa,2.2,False
2001,11,2001-11,4522,Department stores,inv_sales_ratio,sa,2.15,False
2001,12,2001-12,4522,Department stores,inv_sales_ratio,sa,2.13,False
2002,1,2002-01,4522,Department stores,inv_sales_ratio,sa,2.08,False
2002,2,2002-02,4522,Department stores,inv_sales_ratio,sa,2.09,False
2002,3,2002-03,4522,Department stores,inv_sales_ratio,sa,2.07,False
2002,4,2002-04,4522,Department stores,inv_sales_ratio,sa,2.04,False
2002,5,2002-05,4522,Department stores,inv_sales_ratio,sa,2.08,False
2002,6,2002-06,4522,Department stores,inv_sales_ratio,sa,2.08,False
2002,7,2002-07,4522,Department stores,inv_sales_ratio,sa,2.13,False
2002,8,2002-08,4522,Department stores,inv_sales_ratio,sa,2.13,False
2002,9,2002-09,4522,Department stores,inv_sales_ratio,sa,2.14,False
2002,10,2002-10,4522,Department stores,inv_sales_ratio,sa,2.07,False
2002,11,2002-11,4522,Department stores,inv_sales_ratio,sa,2.18,False
2002,12,2002-12,4522,Department stores,inv_sales_ratio,sa,2.16,False
2003,1,2003-01,4522,Department stores,inv_sales_ratio,sa,2.16,False
2003,2,2003-02,4522,Department stores,inv_sales_ratio,sa,2.14,False
2003,3,2003-03,4522,Department stores,inv_sales_ratio,sa,2.15,False
2003,4,2003-04,4522,Department stores,inv_sales_ratio,sa,2.2,False
2003,5,2003-05,4522,Department stores,inv_sales_ratio,sa,2.13,False
2003,6,2003-06,4522,Department stores,inv_sales_ratio,sa,2.11,False
2003,7,2003-07,4522,Department stores,inv_sales_ratio,sa,2.07,False
2003,8,2003-08,4522,Department stores,inv_sales_ratio,sa,2.03,False
2003,9,2003-09,4522,Department stores,inv_sales_ratio,sa,2.08,False
2003,10,2003-10,4522,Department stores,inv_sales_ratio,sa,2.1,False
2003,11,2003-11,4522,Department stores,inv_sales_ratio,sa,2.08,False
2003,12,2003-12,4522,Department stores,inv_sales_ratio,sa,2.07,False
2004,1,2004-01,4522,Department stores,inv_sales_ratio,sa,2.07,False
2004,2,2004-02,4522,Department stores,inv_sales_ratio,sa,2.05,False
2004,3,2004-03,4522,Department stores,inv_sales_ratio,sa,2.06,False
2004,4,2004-04,4522,Department stores,inv_sales_ratio,sa,2.1,False
2004,5,2004-05,4522,Department stores,inv_sales_ratio,sa,2.08,False
2004,6,2004-06,4522,Department stores,inv_sales_ratio,sa,2.11,False
2004,7,2004-07,4522,Department stores,inv_sales_ratio,sa,2.08,False
2004,8,2004-08,4522,Department stores,inv_sales_ratio,sa,2.08,False
2004,9,2004-09,4522,Department stores,inv_sales_ratio,sa,2.04,False
2004,10,2004-10,4522,Department stores,inv_sales_ratio,sa,2.05,False
2004,11,2004-11,4522,Department stores,inv_sales_ratio,sa,2.08,False
2004,12,2004-12,4522,Department stores,inv_sales_ratio,sa,2.05,False
2005,1,2005-01,4522,Department stores,inv_sales_ratio,sa,2.08,False
2005,2,2005-02,4522,Department stores,inv_sales_ratio,sa,2.06,False
2005,3,2005-03,4522,Department stores,inv_sales_ratio,sa,2.17,False
2005,4,2005-04,4522,Department stores,inv_sales_ratio,sa,2.09,False
2005,5,2005-05,4522,Department stores,inv_sales_ratio,sa,2.11,False
2005,6,2005-06,4522,Department stores,inv_sales_ratio,sa,2.06,False
2005,7,2005-07,4522,Department stores,inv_sales_ratio,sa,2.12,False
2005,8,2005-08,4522,Department stores,inv_sales_ratio,sa,2.14,False
2005,9,2005-09,4522,Department stores,inv_sales_ratio,sa,2.16,False
2005,10,2005-10,4522,Department stores,inv_sales_ratio,sa,2.08,False
2005,11,2005-11,4522,Department stores,inv_sales_ratio,sa,2.09,False
2005,12,2005-12,4522,Department stores,inv_sales_ratio,sa,2.14,False
2006,1,2006-01,4522,Department stores,inv_sales_ratio,sa,2.07,False
2006,2,2006-02,4522,Department stores,inv_sales_ratio,sa,2.04,False
2006,3,2006-03,4522,Department stores,inv_sales_ratio,sa,2.06,False
2006,4,2006-04,4522,Department stores,inv_sales_ratio,sa,2.03,False
2006,5,2006-05,4522,Department stores,inv_sales_ratio,sa,2.04,False
2006,6,2006-06,4522,Department stores,inv_sales_ratio,sa,2.01,False
2006,7,2006-07,4522,Department stores,inv_sales_ratio,sa,2.05,False
2006,8,2006-08,4522,Department stores,inv_sales_ratio,sa,2.07,False
2006,9,2006-09,4522,Department stores,inv_sales_ratio,sa,2.06,False
2006,10,2006-10,4522,Department stores,inv_sales_ratio,sa,2.07,False
2006,11,2006-11,4522,Department stores,inv_sales_ratio,sa,2.12,False
2006,12,2006-12,4522,Department stores,inv_sales_ratio,sa,2.1,False
2007,1,2007-01,4522,Department stores,inv_sales_ratio,sa,2.08,False
2007,2,2007-02,4522,Department stores,inv_sales_ratio,sa,2.13,False
2007,3,2007-03,4522,Department stores,inv_sales_ratio,sa,2.08,False
2007,4,2007-04,4522,Department stores,inv_sales_ratio,sa,2.13,False
2007,5,2007-05,4522,Department stores,inv_sales_ratio,sa,2.11,False
2007,6,2007-06,4522,Department stores,inv_sales_ratio,sa,2.14,False
2007,7,2007-07,4522,Department stores,inv_sales_ratio,sa,2.11,False
2007,8,2007-08,4522,Department stores,inv_sales_ratio,sa,2.1,False
2007,9,2007-09,4522,Department stores,inv_sales_ratio,sa,2.13,False
2007,10,2007-10,4522,Department stores,inv_sales_ratio,sa,2.15,False
2007,11,2007-11,4522,Department stores,inv_sales_ratio,sa,2.1,False
2007,12,2007-12,4522,Department stores,inv_sales_ratio,sa,2.13,False
2008,1,2008-01,4522,Department stores,inv_sales_ratio,sa,2.16,False
2008,2,2008-02,4522,Department stores,inv_sales_ratio,sa,2.18,False
2008,3,2008-03,4522,Department stores,inv_sales_ratio,sa,2.15,False
2008,4,2008-04,4522,Department stores,inv_sales_ratio,sa,2.14,False
2008,5,2008-05,4522,Department stores,inv_sales_ratio,sa,2.12,False
2008,6,2008-06,4522,Department stores,inv_sales_ratio,sa,2.06,False
2008,7,2008-07,4522,Department stores,inv_sales_ratio,sa,2.09,False
2008,8,2008-08,4522,Department stores,inv_sales_ratio,sa,2.08,False
2008,9,2008-09,4522,Department stores,inv_sales_ratio,sa,2.19,False
2008,10,2008-10,4522,Department stores,inv_sales_ratio,sa,2.19,False
2008,11,2008-11,4522,Department stores,inv_sales_ratio,sa,2.09,False
2008,12,2008-12,4522,Department stores,inv_sales_ratio,sa,2.1,False
2009,1,2009-01,4522,Department stores,inv_sales_ratio,sa,2.06,False
2009,2,2009-02,4522,Department stores,inv_sales_ratio,sa,2.08,False
2009,3,2009-03,4522,Department stores,inv_sales_ratio,sa,2.11,False
2009,4,2009-04,4522,Department stores,inv_sales_ratio,sa,2.08,False
2009,5,2009-05,4522,Department stores,inv_sales_ratio,sa,2.06,False
2009,6,2009-06,4522,Department stores,inv_sales_ratio,sa,2.1,False
2009,7,2009-07,4522,Department stores,inv_sales_ratio,sa,2.07,False
2009,8,2009-08,4522,Department stores,inv_sales_ratio,sa,2.05,False
2009,9,2009-09,4522,Department stores,inv_sales_ratio,sa,2.07,False
2009,10,2009-10,4522,Department stores,inv_sales_ratio,sa,2.04,False
2009,11,2009-11,4522,Department stores,inv_sales_ratio,sa,2.03,False
2009,12,2009-12,4522,Department stores,inv_sales_ratio,sa,2.0,False
2010,1,2010-01,4522,Department stores,inv_sales_ratio,sa,2.0,False
2010,2,2010-02,4522,Department stores,inv_sales_ratio,sa,2.0,False
2010,3,2010-03,4522,Department stores,inv_sales_ratio,sa,1.96,False
2010,4,2010-04,4522,Department stores,inv_sales_ratio,sa,2.0,False
2010,5,2010-05,4522,Department stores,inv_sales_ratio,sa,2.0,False
2010,6,2010-06,4522,Department stores,inv_sales_ratio,sa,1.99,False
2010,7,2010-07,4522,Department stores,inv_sales_ratio,sa,2.04,False
2010,8,2010-08,4522,Department stores,inv_sales_ratio,sa,2.03,False
2010,9,2010-09,4522,Department stores,inv_sales_ratio,sa,2.01,False
2010,10,2010-10,4522,Department stores,inv_sales_ratio,sa,2.03,False
2010,11,2010-11,4522,Department stores,inv_sales_ratio,sa,2.0,False
2010,12,2010-12,4522,Department stores,inv_sales_ratio,sa,2.03,False
2011,1,2011-01,4522,Department stores,inv_sales_ratio,sa,2.04,False
2011,2,2011-02,4522,Department stores,inv_sales_ratio,sa,2.02,False
2011,3,2011-03,4522,Department stores,inv_sales_ratio,sa,2.08,False
2011,4,2011-04,4522,Department stores,inv_sales_ratio,sa,2.04,False
2011,5,2011-05,4522,Department stores,inv_sales_ratio,sa,2.09,False
2011,6,2011-06,4522,Department stores,inv_sales_ratio,sa,2.03,False
2011,7,2011-07,4522,Department stores,inv_sales_ratio,sa,2.08,False
2011,8,2011-08,4522,Department stores,inv_sales_ratio,sa,2.13,False
2011,9,2011-09,4522,Department stores,inv_sales_ratio,sa,2.1,False
2011,10,2011-10,4522,Department stores,inv_sales_ratio,sa,2.11,False
2011,11,2011-11,4522,Department stores,inv_sales_ratio,sa,2.11,False
2011,12,2011-12,4522,Department stores,inv_sales_ratio,sa,2.13,False
2012,1,2012-01,4522,Department stores,inv_sales_ratio,sa,2.08,False
2012,2,2012-02,4522,Department stores,inv_sales_ratio,sa,2.06,False
2012,3,2012-03,4522,Department stores,inv_sales_ratio,sa,2.04,False
2012,4,2012-04,4522,Department stores,inv_sales_ratio,sa,2.1,False
2012,5,2012-05,4522,Department stores,inv_sales_ratio,sa,2.14,False
2012,6,2012-06,4522,Department stores,inv_sales_ratio,sa,2.14,False
2012,7,2012-07,4522,Department stores,inv_sales_ratio,sa,2.15,False
2012,8,2012-08,4522,Department stores,inv_sales_ratio,sa,2.17,False
2012,9,2012-09,4522,Department stores,inv_sales_ratio,sa,2.14,False
2012,10,2012-10,4522,Department stores,inv_sales_ratio,sa,2.24,False
2012,11,2012-11,4522,Department stores,inv_sales_ratio,sa,2.26,False
2012,12,2012-12,4522,Department stores,inv_sales_ratio,sa,2.35,False
2013,1,2013-01,4522,Department stores,inv_sales_ratio,sa,2.32,False
2013,2,2013-02,4522,Department stores,inv_sales_ratio,sa,2.4,False
2013,3,2013-03,4522,Department stores,inv_sales_ratio,sa,2.44,False
2013,4,2013-04,4522,Department stores,inv_sales_ratio,sa,2.47,False
2013,5,2013-05,4522,Department stores,inv_sales_ratio,sa,2.49,False
2013,6,2013-06,4522,Department stores,inv_sales_ratio,sa,2.51,False
2013,7,2013-07,4522,Department stores,inv_sales_ratio,sa,2.57,False
2013,8,2013-08,4522,Department stores,inv_sales_ratio,sa,2.58,False
2013,9,2013-09,4522,Department stores,inv_sales_ratio,sa,2.59,False
2013,10,2013-10,4522,Department stores,inv_sales_ratio,sa,2.59,False
2013,11,2013-11,4522,Department stores,inv_sales_ratio,sa,2.64,False
2013,12,2013-12,4522,Department stores,inv_sales_ratio,sa,2.67,False
2014,1,2014-01,4522,Department stores,inv_sales_ratio,sa,2.75,False
2014,2,2014-02,4522,Department stores,inv_sales_ratio,sa,2.65,False
2014,3,2014-03,4522,Department stores,inv_sales_ratio,sa,2.67,False
2014,4,2014-04,4522,Department stores,inv_sales_ratio,sa,2.53,False
2014,5,2014-05,4522,Department stores,inv_sales_ratio,sa,2.61,False
2014,6,2014-06,4522,Department stores,inv_sales_ratio,sa,2.64,False
2014,7,2014-07,4522,Department stores,inv_sales_ratio,sa,2.63,False
2014,8,2014-08,4522,Department stores,inv_sales_ratio,sa,2.66,False
2014,9,2014-09,4522,Department stores,inv_sales_ratio,sa,2.71,False
2014,10,2014-10,4522,Department stores,inv_sales_ratio,sa,2.72,False
2014,11,2014-11,4522,Department stores,inv_sales_ratio,sa,2.72,False
2014,12,2014-12,4522,Department stores,inv_sales_ratio,sa,2.71,False
2015,1,2015-01,4522,Department stores,inv_sales_ratio,sa,2.73,False
2015,2,2015-02,4522,Department stores,inv_sales_ratio,sa,2.79,False
2015,3,2015-03,4522,Department stores,inv_sales_ratio,sa,2.72,False
2015,4,2015-04,4522,Department stores,inv_sales_ratio,sa,2.86,False
2015,5,2015-05,4522,Department stores,inv_sales_ratio,sa,2.83,False
2015,6,2015-06,4522,Department stores,inv_sales_ratio,sa,2.92,False
2015,7,2015-07,4522,Department stores,inv_sales_ratio,sa,2.92,False
2015,8,2015-08,4522,Department stores,inv_sales_ratio,sa,2.96,False
2015,9,2015-09,4522,Department stores,inv_sales_ratio,sa,3.01,False
2015,10,2015-10,4522,Department stores,inv_sales_ratio,sa,3.03,False
2015,11,2015-11,4522,Department stores,inv_sales_ratio,sa,3.05,False
2015,12,2015-12,4522,Department stores,inv_sales_ratio,sa,3.07,False
2016,1,2016-01,4522,Department stores,inv_sales_ratio,sa,3.05,False
2016,2,2016-02,4522,Department stores,inv_sales_ratio,sa,3.05,False
2016,3,2016-03,4522,Department stores,inv_sales_ratio,sa,3.05,False
2016,4,2016-04,4522,Department stores,inv_sales_ratio,sa,3.07,False
2016,5,2016-05,4522,Department stores,inv_sales_ratio,sa,3.11,False
2016,6,2016-06,4522,Department stores,inv_sales_ratio,sa,3.03,False
2016,7,2016-07,4522,Department stores,inv_sales_ratio,sa,3.12,False
2016,8,2016-08,4522,Department stores,inv_sales_ratio,sa,3.08,False
2016,9,2016-09,4522,Department stores,inv_sales_ratio,sa,3.08,False
2016,10,2016-10,4522,Department stores,inv_sales_ratio,sa,3.14,False
2016,11,2016-11,4522,Department stores,inv_sales_ratio,sa,3.29,False
2016,12,2016-12,4522,Department stores,inv_sales_ratio,sa,3.33,False
2017,1,2017-01,4522,Department stores,inv_sales_ratio,sa,3.15,False
2017,2,2017-02,4522,Department stores,inv_sales_ratio,sa,3.15,False
2017,3,2017-03,4522,Department stores,inv_sales_ratio,sa,3.2,False
2017,4,2017-04,4522,Department stores,inv_sales_ratio,sa,3.18,False
2017,5,2017-05,4522,Department stores,inv_sales_ratio,sa,3.19,False
2017,6,2017-06,4522,Department stores,inv_sales_ratio,sa,3.13,False
2017,7,2017-07,4522,Department stores,inv_sales_ratio,sa,3.13,False
2017,8,2017-08,4522,Department stores,inv_sales_ratio,sa,3.13,False
2017,9,2017-09,4522,Department stores,inv_sales_ratio,sa,3.1,False
2017,10,2017-10,4522,Department stores,inv_sales_ratio,sa,3.13,False
2017,11,2017-11,4522,Department stores,inv_sales_ratio,sa,3.2,False
2017,12,2017-12,4522,Department stores,inv_sales_ratio,sa,3.25,False
2018,1,2018-01,4522,Department stores,inv_sales_ratio,sa,3.01,False
2018,2,2018-02,4522,Department stores,inv_sales_ratio,sa,3.0,False
2018,3,2018-03,4522,Department stores,inv_sales_ratio,sa,3.0,False
2018,4,2018-04,4522,Department stores,inv_sales_ratio,sa,3.05,False
2018,5,2018-05,4522,Department stores,inv_sales_ratio,sa,2.85,False
2018,6,2018-06,4522,Department stores,inv_sales_ratio,sa,3.08,False
2018,7,2018-07,4522,Department stores,inv_sales_ratio,sa,3.07,False
2018,8,2018-08,4522,Department stores,inv_sales_ratio,sa,3.04,False
2018,9,2018-09,4522,Department stores,inv_sales_ratio,sa,3.05,False
2018,10,2018-10,4522,Department stores,inv_sales_ratio,sa,3.04,False
2018,11,2018-11,4522,Department stores,inv_sales_ratio,sa,2.65,False
2018,12,2018-12,4522,Department stores,inv_sales_ratio,sa,2.81,False
2019,1,2019-01,4522,Department stores,inv_sales_ratio,sa,3.36,False
2019,2,2019-02,4522,Department stores,inv_sales_ratio,sa,3.04,False
2019,3,2019-03,4522,Department stores,inv_sales_ratio,sa,3.01,False
2019,4,2019-04,4522,Department stores,inv_sales_ratio,sa,3.01,False
2019,5,2019-05,4522,Department stores,inv_sales_ratio,sa,2.94,False
2019,6,2019-06,4522,Department stores,inv_sales_ratio,sa,2.98,False
2019,7,2019-07,4522,Department stores,inv_sales_ratio,sa,2.76,False
2019,8,2019-08,4522,Department stores,inv_sales_ratio,sa,2.86,False
2019,9,2019-09,4522,Department stores,inv_sales_ratio,sa,3.02,False
2019,10,2019-10,4522,Department stores,inv_sales_ratio,sa,3.11,False
2019,11,2019-11,4522,Department stores,inv_sales_ratio,sa,2.9,False
2019,12,2019-12,4522,Department stores,inv_sales_ratio,sa,2.77,False
2020,1,2020-01,4522,Department stores,inv_sales_ratio,sa,3.33,False
2020,2,2020-02,4522,Department stores,inv_sales_ratio,sa,3.07,False
2020,3,2020-03,4522,Department stores,inv_sales_ratio,sa,6.16,False
2020,4,2020-04,4522,Department stores,inv_sales_ratio,sa,50.04,False
2020,5,2020-05,4522,Department stores,inv_sales_ratio,sa,7.61,False
2020,6,2020-06,4522,Department stores,inv_sales_ratio,sa,3.64,False
2020,7,2020-07,4522,Department stores,inv_sales_ratio,sa,3.38,False
2020,8,2020-08,4522,Department stores,inv_sales_ratio,sa,3.23,False
2020,9,2020-09,4522,Department stores,inv_sales_ratio,sa,2.73,False
2020,10,2020-10,4522,Department stores,inv_sales_ratio,sa,2.86,False
2020,11,2020-11,4522,Department stores,inv_sales_ratio,sa,2.76,False
2020,12,2020-12,4522,Department stores,inv_sales_ratio,sa,2.63,False
2021,1,2021-01,4522,Department stores,inv_sales_ratio,sa,2.8,False
2021,2,2021-02,4522,Department stores,inv_sales_ratio,sa,2.65,False
2021,3,2021-03,4522,Department stores,inv_sales_ratio,sa,2.15,False
2021,4,2021-04,4522,Department stores,inv_sales_ratio,sa,2.2,False
2021,5,2021-05,4522,Department stores,inv_sales_ratio,sa,2.13,False
2021,6,2021-06,4522,Department stores,inv_sales_ratio,sa,2.03,False
2021,7,2021-07,4522,Department stores,inv_sales_ratio,sa,2.13,False
2021,8,2021-08,4522,Department stores,inv_sales_ratio,sa,2.2,False
2021,9,2021-09,4522,Department stores,inv_sales_ratio,sa,2.22,False
2021,10,2021-10,4522,Department stores,inv_sales_ratio,sa,2.23,False
2021,11,2021-11,4522,Department stores,inv_sales_ratio,sa,2.22,False
2021,12,2021-12,4522,Department stores,inv_sales_ratio,sa,2.39,False
2022,1,2022-01,4522,Department stores,inv_sales_ratio,sa,2.8,False
2022,2,2022-02,4522,Department stores,inv_sales_ratio,sa,2.5,False
2022,3,2022-03,4522,Department stores,inv_sales_ratio,sa,2.56,False
2022,4,2022-04,4522,Department stores,inv_sales_ratio,sa,2.61,False
2022,5,2022-05,4522,Department stores,inv_sales_ratio,sa,2.63,False
2022,6,2022-06,4522,Department stores,inv_sales_ratio,sa,2.7,False
2022,7,2022-07,4522,Department stores,inv_sales_ratio,sa,2.66,False
2022,8,2022-08,4522,Department stores,inv_sales_ratio,sa,2.62,False
2022,9,2022-09,4522,Department stores,inv_sales_ratio,sa,2.62,False
2022,10,2022-10,4522,Department stores,inv_sales_ratio,sa,2.62,False
2022,11,2022-11,4522,Department stores,inv_sales_ratio,sa,2.62,False
2022,12,2022-12,4522,Department stores,inv_sales_ratio,sa,2.52,False
2023,1,2023-01,4522,Department stores,inv_sales_ratio,sa,2.49,False
2023,2,2023-02,4522,Department stores,inv_sales_ratio,sa,2.44,False
2023,3,2023-03,4522,Department stores,inv_sales_ratio,sa,2.6,False
2023,4,2023-04,4522,Department stores,inv_sales_ratio,sa,2.68,False
2023,5,2023-05,4522,Department stores,inv_sales_ratio,sa,2.59,False
2023,6,2023-06,4522,Department stores,inv_sales_ratio,sa,2.59,False
2023,7,2023-07,4522,Department stores,inv_sales_ratio,sa,2.55,False
2023,8,2023-08,4522,Department stores,inv_sales_ratio,sa,2.55,False
2023,9,2023-09,4522,Department stores,inv_sales_ratio,sa,2.6,False
2023,10,2023-10,4522,Department stores,inv_sales_ratio,sa,2.6,False
2023,11,2023-11,4522,Department stores,inv_sales_ratio,sa,2.59,False
2023,12,2023-12,4522,Department stores,inv_sales_ratio,sa,2.45,False
2024,1,2024-01,4522,Department stores,inv_sales_ratio,sa,2.63,False
2024,2,2024-02,4522,Department stores,inv_sales_ratio,sa,2.61,False
2024,3,2024-03,4522,Department stores,inv_sales_ratio,sa,2.68,False
2024,4,2024-04,4522,Department stores,inv_sales_ratio,sa,2.59,False
2024,5,2024-05,4522,Department stores,inv_sales_ratio,sa,2.66,False
2024,6,2024-06,4522,Department stores,inv_sales_ratio,sa,2.63,False
2024,7,2024-07,4522,Department stores,inv_sales_ratio,sa,2.69,False
2024,8,2024-08,4522,Department stores,inv_sales_ratio,sa,2.76,False
2024,9,2024-09,4522,Department stores,inv_sales_ratio,sa,2.69,False
2024,10,2024-10,4522,Department stores,inv_sales_ratio,sa,2.74,False
2024,11,2024-11,4522,Department stores,inv_sales_ratio,sa,2.72,False
2024,12,2024-12,4522,Department stores,inv_sales_ratio,sa,2.8,False
2025,1,2025-01,4522,Department stores,inv_sales_ratio,sa,2.71,False
2025,2,2025-02,4522,Department stores,inv_sales_ratio,sa,2.71,False
2025,3,2025-03,4522,Department stores,inv_sales_ratio,sa,2.72,False
2025,4,2025-04,4522,Department stores,inv_sales_ratio,sa,2.75,False
2025,5,2025-05,4522,Department stores,inv_sales_ratio,sa,2.71,False
2025,6,2025-06,4522,Department stores,inv_sales_ratio,sa,2.74,False
2025,7,2025-07,4522,Department stores,inv_sales_ratio,sa,2.69,False
2025,8,2025-08,4522,Department stores,inv_sales_ratio,sa,2.7,False
2025,9,2025-09,4522,Department stores,inv_sales_ratio,sa,2.73,False
2025,10,2025-10,4522,Department stores,inv_sales_ratio,sa,2.6,False
2025,11,2025-11,4522,Department stores,inv_sales_ratio,sa,2.57,False
2025,12,2025-12,4522,Department stores,inv_sales_ratio,sa,2.67,False
2026,1,2026-01,4522,Department stores,inv_sales_ratio,sa,2.85,False
2026,2,2026-02,4522,Department stores,inv_sales_ratio,sa,2.75,False
2026,3,2026-03,4522,Department stores,inv_sales_ratio,sa,2.63,False
2026,4,2026-04,4522,Department stores,inv_sales_ratio,sa,2.65,False
2026,5,2026-05,4522,Department stores,inv_sales_ratio,sa,2.63,False
1992,1,1992-01,4522,Department stores,inventories,nsa,33798.0,False
1992,2,1992-02,4522,Department stores,inventories,nsa,34272.0,False
1992,3,1992-03,4522,Department stores,inventories,nsa,35913.0,False
1992,4,1992-04,4522,Department stores,inventories,nsa,36757.0,False
1992,5,1992-05,4522,Department stores,inventories,nsa,35542.0,False
1992,6,1992-06,4522,Department stores,inventories,nsa,35162.0,False
1992,7,1992-07,4522,Department stores,inventories,nsa,36529.0,False
1992,8,1992-08,4522,Department stores,inventories,nsa,37208.0,False
1992,9,1992-09,4522,Department stores,inventories,nsa,39808.0,False
1992,10,1992-10,4522,Department stores,inventories,nsa,43507.0,False
1992,11,1992-11,4522,Department stores,inventories,nsa,44073.0,False
1992,12,1992-12,4522,Department stores,inventories,nsa,35151.0,False
1993,1,1993-01,4522,Department stores,inventories,nsa,35936.0,False
1993,2,1993-02,4522,Department stores,inventories,nsa,37171.0,False
1993,3,1993-03,4522,Department stores,inventories,nsa,39320.0,False
1993,4,1993-04,4522,Department stores,inventories,nsa,39656.0,False
1993,5,1993-05,4522,Department stores,inventories,nsa,39266.0,False
1993,6,1993-06,4522,Department stores,inventories,nsa,38127.0,False
1993,7,1993-07,4522,Department stores,inventories,nsa,38908.0,False
1993,8,1993-08,4522,Department stores,inventories,nsa,40064.0,False
1993,9,1993-09,4522,Department stores,inventories,nsa,42745.0,False
1993,10,1993-10,4522,Department stores,inventories,nsa,46467.0,False
1993,11,1993-11,4522,Department stores,inventories,nsa,47531.0,False
1993,12,1993-12,4522,Department stores,inventories,nsa,37545.0,False
1994,1,1994-01,4522,Department stores,inventories,nsa,36185.0,False
1994,2,1994-02,4522,Department stores,inventories,nsa,37552.0,False
1994,3,1994-03,4522,Department stores,inventories,nsa,38748.0,False
1994,4,1994-04,4522,Department stores,inventories,nsa,39463.0,False
1994,5,1994-05,4522,Department stores,inventories,nsa,39854.0,False
1994,6,1994-06,4522,Department stores,inventories,nsa,39674.0,False
1994,7,1994-07,4522,Department stores,inventories,nsa,39712.0,False
1994,8,1994-08,4522,Department stores,inventories,nsa,40935.0,False
1994,9,1994-09,4522,Department stores,inventories,nsa,44123.0,False
1994,10,1994-10,4522,Department stores,inventories,nsa,47957.0,False
1994,11,1994-11,4522,Department stores,inventories,nsa,48877.0,False
1994,12,1994-12,4522,Department stores,inventories,nsa,38849.0,False
1995,1,1995-01,4522,Department stores,inventories,nsa,38887.0,False
1995,2,1995-02,4522,Department stores,inventories,nsa,40404.0,False
1995,3,1995-03,4522,Department stores,inventories,nsa,41052.0,False
1995,4,1995-04,4522,Department stores,inventories,nsa,41255.0,False
1995,5,1995-05,4522,Department stores,inventories,nsa,41260.0,False
1995,6,1995-06,4522,Department stores,inventories,nsa,40777.0,False
1995,7,1995-07,4522,Department stores,inventories,nsa,41422.0,False
1995,8,1995-08,4522,Department stores,inventories,nsa,42730.0,False
1995,9,1995-09,4522,Department stores,inventories,nsa,45657.0,False
1995,10,1995-10,4522,Department stores,inventories,nsa,50154.0,False
1995,11,1995-11,4522,Department stores,inventories,nsa,51384.0,False
1995,12,1995-12,4522,Department stores,inventories,nsa,40326.0,False
1996,1,1996-01,4522,Department stores,inventories,nsa,39996.0,False
1996,2,1996-02,4522,Department stores,inventories,nsa,41152.0,False
1996,3,1996-03,4522,Department stores,inventories,nsa,42231.0,False
1996,4,1996-04,4522,Department stores,inventories,nsa,42553.0,False
1996,5,1996-05,4522,Department stores,inventories,nsa,42182.0,False
1996,6,1996-06,4522,Department stores,inventories,nsa,41463.0,False
1996,7,1996-07,4522,Department stores,inventories,nsa,42472.0,False
1996,8,1996-08,4522,Department stores,inventories,nsa,44051.0,False
1996,9,1996-09,4522,Department stores,inventories,nsa,46876.0,False
1996,10,1996-10,4522,Department stores,inventories,nsa,51150.0,False
1996,11,1996-11,4522,Department stores,inventories,nsa,52365.0,False
1996,12,1996-12,4522,Department stores,inventories,nsa,40903.0,False
1997,1,1997-01,4522,Department stores,inventories,nsa,40175.0,False
1997,2,1997-02,4522,Department stores,inventories,nsa,41528.0,False
1997,3,1997-03,4522,Department stores,inventories,nsa,42404.0,False
1997,4,1997-04,4522,Department stores,inventories,nsa,43197.0,False
1997,5,1997-05,4522,Department stores,inventories,nsa,42712.0,False
1997,6,1997-06,4522,Department stores,inventories,nsa,41882.0,False
1997,7,1997-07,4522,Department stores,inventories,nsa,42360.0,False
1997,8,1997-08,4522,Department stores,inventories,nsa,43132.0,False
1997,9,1997-09,4522,Department stores,inventories,nsa,46423.0,False
1997,10,1997-10,4522,Department stores,inventories,nsa,50599.0,False
1997,11,1997-11,4522,Department stores,inventories,nsa,51750.0,False
1997,12,1997-12,4522,Department stores,inventories,nsa,41074.0,False
1998,1,1998-01,4522,Department stores,inventories,nsa,40869.0,False
1998,2,1998-02,4522,Department stores,inventories,nsa,41956.0,False
1998,3,1998-03,4522,Department stores,inventories,nsa,43035.0,False
1998,4,1998-04,4522,Department stores,inventories,nsa,43308.0,False
1998,5,1998-05,4522,Department stores,inventories,nsa,42114.0,False
1998,6,1998-06,4522,Department stores,inventories,nsa,41645.0,False
1998,7,1998-07,4522,Department stores,inventories,nsa,42632.0,False
1998,8,1998-08,4522,Department stores,inventories,nsa,43591.0,False
1998,9,1998-09,4522,Department stores,inventories,nsa,46778.0,False
1998,10,1998-10,4522,Department stores,inventories,nsa,50904.0,False
1998,11,1998-11,4522,Department stores,inventories,nsa,51720.0,False
1998,12,1998-12,4522,Department stores,inventories,nsa,40224.0,False
1999,1,1999-01,4522,Department stores,inventories,nsa,40091.0,False
1999,2,1999-02,4522,Department stores,inventories,nsa,40899.0,False
1999,3,1999-03,4522,Department stores,inventories,nsa,42342.0,False
1999,4,1999-04,4522,Department stores,inventories,nsa,42643.0,False
1999,5,1999-05,4522,Department stores,inventories,nsa,42110.0,False
1999,6,1999-06,4522,Department stores,inventories,nsa,40856.0,False
1999,7,1999-07,4522,Department stores,inventories,nsa,41360.0,False
1999,8,1999-08,4522,Department stores,inventories,nsa,42608.0,False
1999,9,1999-09,4522,Department stores,inventories,nsa,45710.0,False
1999,10,1999-10,4522,Department stores,inventories,nsa,50057.0,False
1999,11,1999-11,4522,Department stores,inventories,nsa,52097.0,False
1999,12,1999-12,4522,Department stores,inventories,nsa,40591.0,False
2000,1,2000-01,4522,Department stores,inventories,nsa,40308.0,False
2000,2,2000-02,4522,Department stores,inventories,nsa,41515.0,False
2000,3,2000-03,4522,Department stores,inventories,nsa,42197.0,False
2000,4,2000-04,4522,Department stores,inventories,nsa,42027.0,False
2000,5,2000-05,4522,Department stores,inventories,nsa,41818.0,False
2000,6,2000-06,4522,Department stores,inventories,nsa,40674.0,False
2000,7,2000-07,4522,Department stores,inventories,nsa,40618.0,False
2000,8,2000-08,4522,Department stores,inventories,nsa,41888.0,False
2000,9,2000-09,4522,Department stores,inventories,nsa,44955.0,False
2000,10,2000-10,4522,Department stores,inventories,nsa,50101.0,False
2000,11,2000-11,4522,Department stores,inventories,nsa,51331.0,False
2000,12,2000-12,4522,Department stores,inventories,nsa,39510.0,False
2001,1,2001-01,4522,Department stores,inventories,nsa,39153.0,False
2001,2,2001-02,4522,Department stores,inventories,nsa,40225.0,False
2001,3,2001-03,4522,Department stores,inventories,nsa,41901.0,False
2001,4,2001-04,4522,Department stores,inventories,nsa,41501.0,False
2001,5,2001-05,4522,Department stores,inventories,nsa,41324.0,False
2001,6,2001-06,4522,Department stores,inventories,nsa,40056.0,False
2001,7,2001-07,4522,Department stores,inventories,nsa,39794.0,False
2001,8,2001-08,4522,Department stores,inventories,nsa,41587.0,False
2001,9,2001-09,4522,Department stores,inventories,nsa,44934.0,False
2001,10,2001-10,4522,Department stores,inventories,nsa,48903.0,False
2001,11,2001-11,4522,Department stores,inventories,nsa,49524.0,False
2001,12,2001-12,4522,Department stores,inventories,nsa,37470.0,False
2002,1,2002-01,4522,Department stores,inventories,nsa,36218.0,False
2002,2,2002-02,4522,Department stores,inventories,nsa,37327.0,False
2002,3,2002-03,4522,Department stores,inventories,nsa,38114.0,False
2002,4,2002-04,4522,Department stores,inventories,nsa,37641.0,False
2002,5,2002-05,4522,Department stores,inventories,nsa,37314.0,False
2002,6,2002-06,4522,Department stores,inventories,nsa,36254.0,False
2002,7,2002-07,4522,Department stores,inventories,nsa,37007.0,False
2002,8,2002-08,4522,Department stores,inventories,nsa,38051.0,False
2002,9,2002-09,4522,Department stores,inventories,nsa,41202.0,False
2002,10,2002-10,4522,Department stores,inventories,nsa,45056.0,False
2002,11,2002-11,4522,Department stores,inventories,nsa,47135.0,False
2002,12,2002-12,4522,Department stores,inventories,nsa,35921.0,False
2003,1,2003-01,4522,Department stores,inventories,nsa,35083.0,False
2003,2,2003-02,4522,Department stores,inventories,nsa,35658.0,False
2003,3,2003-03,4522,Department stores,inventories,nsa,37174.0,False
2003,4,2003-04,4522,Department stores,inventories,nsa,37700.0,False
2003,5,2003-05,4522,Department stores,inventories,nsa,36567.0,False
2003,6,2003-06,4522,Department stores,inventories,nsa,35422.0,False
2003,7,2003-07,4522,Department stores,inventories,nsa,35716.0,False
2003,8,2003-08,4522,Department stores,inventories,nsa,36377.0,False
2003,9,2003-09,4522,Department stores,inventories,nsa,39930.0,False
2003,10,2003-10,4522,Department stores,inventories,nsa,44217.0,False
2003,11,2003-11,4522,Department stores,inventories,nsa,44914.0,False
2003,12,2003-12,4522,Department stores,inventories,nsa,34209.0,False
2004,1,2004-01,4522,Department stores,inventories,nsa,33818.0,False
2004,2,2004-02,4522,Department stores,inventories,nsa,34577.0,False
2004,3,2004-03,4522,Department stores,inventories,nsa,36124.0,False
2004,4,2004-04,4522,Department stores,inventories,nsa,36191.0,False
2004,5,2004-05,4522,Department stores,inventories,nsa,35597.0,False
2004,6,2004-06,4522,Department stores,inventories,nsa,34667.0,False
2004,7,2004-07,4522,Department stores,inventories,nsa,35085.0,False
2004,8,2004-08,4522,Department stores,inventories,nsa,36293.0,False
2004,9,2004-09,4522,Department stores,inventories,nsa,39221.0,False
2004,10,2004-10,4522,Department stores,inventories,nsa,43585.0,False
2004,11,2004-11,4522,Department stores,inventories,nsa,45257.0,False
2004,12,2004-12,4522,Department stores,inventories,nsa,34736.0,False
2005,1,2005-01,4522,Department stores,inventories,nsa,34374.0,False
2005,2,2005-02,4522,Department stores,inventories,nsa,35116.0,False
2005,3,2005-03,4522,Department stores,inventories,nsa,37482.0,False
2005,4,2005-04,4522,Department stores,inventories,nsa,36804.0,False
2005,5,2005-05,4522,Department stores,inventories,nsa,35897.0,False
2005,6,2005-06,4522,Department stores,inventories,nsa,35225.0,False
2005,7,2005-07,4522,Department stores,inventories,nsa,35780.0,False
2005,8,2005-08,4522,Department stores,inventories,nsa,37127.0,False
2005,9,2005-09,4522,Department stores,inventories,nsa,40497.0,False
2005,10,2005-10,4522,Department stores,inventories,nsa,44533.0,False
2005,11,2005-11,4522,Department stores,inventories,nsa,45890.0,False
2005,12,2005-12,4522,Department stores,inventories,nsa,35596.0,False
2006,1,2006-01,4522,Department stores,inventories,nsa,34516.0,False
2006,2,2006-02,4522,Department stores,inventories,nsa,34436.0,False
2006,3,2006-03,4522,Department stores,inventories,nsa,35606.0,False
2006,4,2006-04,4522,Department stores,inventories,nsa,35365.0,False
2006,5,2006-05,4522,Department stores,inventories,nsa,34416.0,False
2006,6,2006-06,4522,Department stores,inventories,nsa,33346.0,False
2006,7,2006-07,4522,Department stores,inventories,nsa,34026.0,False
2006,8,2006-08,4522,Department stores,inventories,nsa,35481.0,False
2006,9,2006-09,4522,Department stores,inventories,nsa,39130.0,False
2006,10,2006-10,4522,Department stores,inventories,nsa,43376.0,False
2006,11,2006-11,4522,Department stores,inventories,nsa,45182.0,False
2006,12,2006-12,4522,Department stores,inventories,nsa,34831.0,False
2007,1,2007-01,4522,Department stores,inventories,nsa,34560.0,False
2007,2,2007-02,4522,Department stores,inventories,nsa,35103.0,False
2007,3,2007-03,4522,Department stores,inventories,nsa,35682.0,False
2007,4,2007-04,4522,Department stores,inventories,nsa,36100.0,False
2007,5,2007-05,4522,Department stores,inventories,nsa,35095.0,False
2007,6,2007-06,4522,Department stores,inventories,nsa,34526.0,False
2007,7,2007-07,4522,Department stores,inventories,nsa,34873.0,False
2007,8,2007-08,4522,Department stores,inventories,nsa,35827.0,False
2007,9,2007-09,4522,Department stores,inventories,nsa,39630.0,False
2007,10,2007-10,4522,Department stores,inventories,nsa,44279.0,False
2007,11,2007-11,4522,Department stores,inventories,nsa,43923.0,False
2007,12,2007-12,4522,Department stores,inventories,nsa,34169.0,False
2008,1,2008-01,4522,Department stores,inventories,nsa,33627.0,False
2008,2,2008-02,4522,Department stores,inventories,nsa,34218.0,False
2008,3,2008-03,4522,Department stores,inventories,nsa,34573.0,False
2008,4,2008-04,4522,Department stores,inventories,nsa,34643.0,False
2008,5,2008-05,4522,Department stores,inventories,nsa,33887.0,False
2008,6,2008-06,4522,Department stores,inventories,nsa,32826.0,False
2008,7,2008-07,4522,Department stores,inventories,nsa,33160.0,False
2008,8,2008-08,4522,Department stores,inventories,nsa,33707.0,False
2008,9,2008-09,4522,Department stores,inventories,nsa,37827.0,False
2008,10,2008-10,4522,Department stores,inventories,nsa,41973.0,False
2008,11,2008-11,4522,Department stores,inventories,nsa,41286.0,False
2008,12,2008-12,4522,Department stores,inventories,nsa,31038.0,False
2009,1,2009-01,4522,Department stores,inventories,nsa,30182.0,False
2009,2,2009-02,4522,Department stores,inventories,nsa,30363.0,False
2009,3,2009-03,4522,Department stores,inventories,nsa,31465.0,False
2009,4,2009-04,4522,Department stores,inventories,nsa,31441.0,False
2009,5,2009-05,4522,Department stores,inventories,nsa,30613.0,False
2009,6,2009-06,4522,Department stores,inventories,nsa,30272.0,False
2009,7,2009-07,4522,Department stores,inventories,nsa,30256.0,False
2009,8,2009-08,4522,Department stores,inventories,nsa,31068.0,False
2009,9,2009-09,4522,Department stores,inventories,nsa,34546.0,False
2009,10,2009-10,4522,Department stores,inventories,nsa,38169.0,False
2009,11,2009-11,4522,Department stores,inventories,nsa,37758.0,False
2009,12,2009-12,4522,Department stores,inventories,nsa,28906.0,False
2010,1,2010-01,4522,Department stores,inventories,nsa,28810.0,False
2010,2,2010-02,4522,Department stores,inventories,nsa,28826.0,False
2010,3,2010-03,4522,Department stores,inventories,nsa,29526.0,False
2010,4,2010-04,4522,Department stores,inventories,nsa,29910.0,False
2010,5,2010-05,4522,Department stores,inventories,nsa,29254.0,False
2010,6,2010-06,4522,Department stores,inventories,nsa,28713.0,False
2010,7,2010-07,4522,Department stores,inventories,nsa,29333.0,False
2010,8,2010-08,4522,Department stores,inventories,nsa,30083.0,False
2010,9,2010-09,4522,Department stores,inventories,nsa,32990.0,False
2010,10,2010-10,4522,Department stores,inventories,nsa,36918.0,False
2010,11,2010-11,4522,Department stores,inventories,nsa,37351.0,False
2010,12,2010-12,4522,Department stores,inventories,nsa,28984.0,False
2011,1,2011-01,4522,Department stores,inventories,nsa,28643.0,False
2011,2,2011-02,4522,Department stores,inventories,nsa,28881.0,False
2011,3,2011-03,4522,Department stores,inventories,nsa,30404.0,False
2011,4,2011-04,4522,Department stores,inventories,nsa,30517.0,False
2011,5,2011-05,4522,Department stores,inventories,nsa,30376.0,False
2011,6,2011-06,4522,Department stores,inventories,nsa,29619.0,False
2011,7,2011-07,4522,Department stores,inventories,nsa,30009.0,False
2011,8,2011-08,4522,Department stores,inventories,nsa,31140.0,False
2011,9,2011-09,4522,Department stores,inventories,nsa,34499.0,False
2011,10,2011-10,4522,Department stores,inventories,nsa,38416.0,False
2011,11,2011-11,4522,Department stores,inventories,nsa,38319.0,False
2011,12,2011-12,4522,Department stores,inventories,nsa,30309.0,False
2012,1,2012-01,4522,Department stores,inventories,nsa,29623.0,False
2012,2,2012-02,4522,Department stores,inventories,nsa,29765.0,False
2012,3,2012-03,4522,Department stores,inventories,nsa,30320.0,False
2012,4,2012-04,4522,Department stores,inventories,nsa,30881.0,False
2012,5,2012-05,4522,Department stores,inventories,nsa,30711.0,False
2012,6,2012-06,4522,Department stores,inventories,nsa,29991.0,False
2012,7,2012-07,4522,Department stores,inventories,nsa,30307.0,False
2012,8,2012-08,4522,Department stores,inventories,nsa,31135.0,False
2012,9,2012-09,4522,Department stores,inventories,nsa,33520.0,False
2012,10,2012-10,4522,Department stores,inventories,nsa,38244.0,False
2012,11,2012-11,4522,Department stores,inventories,nsa,37870.0,False
2012,12,2012-12,4522,Department stores,inventories,nsa,30390.0,False
2013,1,2013-01,4522,Department stores,inventories,nsa,30184.0,False
2013,2,2013-02,4522,Department stores,inventories,nsa,30383.0,False
2013,3,2013-03,4522,Department stores,inventories,nsa,30891.0,False
2013,4,2013-04,4522,Department stores,inventories,nsa,30920.0,False
2013,5,2013-05,4522,Department stores,inventories,nsa,30299.0,False
2013,6,2013-06,4522,Department stores,inventories,nsa,29310.0,False
2013,7,2013-07,4522,Department stores,inventories,nsa,29473.0,False
2013,8,2013-08,4522,Department stores,inventories,nsa,29903.0,False
2013,9,2013-09,4522,Department stores,inventories,nsa,33043.0,False
2013,10,2013-10,4522,Department stores,inventories,nsa,36735.0,False
2013,11,2013-11,4522,Department stores,inventories,nsa,36081.0,False
2013,12,2013-12,4522,Department stores,inventories,nsa,28315.0,False
2014,1,2014-01,4522,Department stores,inventories,nsa,28312.0,False
2014,2,2014-02,4522,Department stores,inventories,nsa,28157.0,False
2014,3,2014-03,4522,Department stores,inventories,nsa,28637.0,False
2014,4,2014-04,4522,Department stores,inventories,nsa,28012.0,False
2014,5,2014-05,4522,Department stores,inventories,nsa,27385.0,False
2014,6,2014-06,4522,Department stores,inventories,nsa,26518.0,False
2014,7,2014-07,4522,Department stores,inventories,nsa,26428.0,False
2014,8,2014-08,4522,Department stores,inventories,nsa,26923.0,False
2014,9,2014-09,4522,Department stores,inventories,nsa,29700.0,False
2014,10,2014-10,4522,Department stores,inventories,nsa,32875.0,False
2014,11,2014-11,4522,Department stores,inventories,nsa,32150.0,False
2014,12,2014-12,4522,Department stores,inventories,nsa,24800.0,False
2015,1,2015-01,4522,Department stores,inventories,nsa,24962.0,False
2015,2,2015-02,4522,Department stores,inventories,nsa,25154.0,False
2015,3,2015-03,4522,Department stores,inventories,nsa,25248.0,False
2015,4,2015-04,4522,Department stores,inventories,nsa,25719.0,False
2015,5,2015-05,4522,Department stores,inventories,nsa,25041.0,False
2015,6,2015-06,4522,Department stores,inventories,nsa,24400.0,False
2015,7,2015-07,4522,Department stores,inventories,nsa,24199.0,False
2015,8,2015-08,4522,Department stores,inventories,nsa,24587.0,False
2015,9,2015-09,4522,Department stores,inventories,nsa,27783.0,False
2015,10,2015-10,4522,Department stores,inventories,nsa,30777.0,False
2015,11,2015-11,4522,Department stores,inventories,nsa,29786.0,False
2015,12,2015-12,4522,Department stores,inventories,nsa,23076.0,False
2016,1,2016-01,4522,Department stores,inventories,nsa,22763.0,False
2016,2,2016-02,4522,Department stores,inventories,nsa,22771.0,False
2016,3,2016-03,4522,Department stores,inventories,nsa,22843.0,False
2016,4,2016-04,4522,Department stores,inventories,nsa,22555.0,False
2016,5,2016-05,4522,Department stores,inventories,nsa,21695.0,False
2016,6,2016-06,4522,Department stores,inventories,nsa,20884.0,False
2016,7,2016-07,4522,Department stores,inventories,nsa,20925.0,False
2016,8,2016-08,4522,Department stores,inventories,nsa,20623.0,False
2016,9,2016-09,4522,Department stores,inventories,nsa,22690.0,False
2016,10,2016-10,4522,Department stores,inventories,nsa,25127.0,False
2016,11,2016-11,4522,Department stores,inventories,nsa,24237.0,False
2016,12,2016-12,4522,Department stores,inventories,nsa,18779.0,False
2017,1,2017-01,4522,Department stores,inventories,nsa,18750.0,False
2017,2,2017-02,4522,Department stores,inventories,nsa,18454.0,False
2017,3,2017-03,4522,Department stores,inventories,nsa,18702.0,False
2017,4,2017-04,4522,Department stores,inventories,nsa,18477.0,False
2017,5,2017-05,4522,Department stores,inventories,nsa,17410.0,False
2017,6,2017-06,4522,Department stores,inventories,nsa,16676.0,False
2017,7,2017-07,4522,Department stores,inventories,nsa,16412.0,False
2017,8,2017-08,4522,Department stores,inventories,nsa,16285.0,False
2017,9,2017-09,4522,Department stores,inventories,nsa,17906.0,False
2017,10,2017-10,4522,Department stores,inventories,nsa,19816.0,False
2017,11,2017-11,4522,Department stores,inventories,nsa,18984.0,False
2017,12,2017-12,4522,Department stores,inventories,nsa,14640.0,False
2018,1,2018-01,4522,Department stores,inventories,nsa,14944.0,False
2018,2,2018-02,4522,Department stores,inventories,nsa,15185.0,False
2018,3,2018-03,4522,Department stores,inventories,nsa,15238.0,False
2018,4,2018-04,4522,Department stores,inventories,nsa,15641.0,False
2018,5,2018-05,4522,Department stores,inventories,nsa,15171.0,False
2018,6,2018-06,4522,Department stores,inventories,nsa,14446.0,False
2018,7,2018-07,4522,Department stores,inventories,nsa,14330.0,False
2018,8,2018-08,4522,Department stores,inventories,nsa,14490.0,False
2018,9,2018-09,4522,Department stores,inventories,nsa,16263.0,False
2018,10,2018-10,4522,Department stores,inventories,nsa,18319.0,False
2018,11,2018-11,4522,Department stores,inventories,nsa,16727.0,False
2018,12,2018-12,4522,Department stores,inventories,nsa,12577.0,False
2019,1,2019-01,4522,Department stores,inventories,nsa,13043.0,False
2019,2,2019-02,4522,Department stores,inventories,nsa,13492.0,False
2019,3,2019-03,4522,Department stores,inventories,nsa,13810.0,False
2019,4,2019-04,4522,Department stores,inventories,nsa,13765.0,False
2019,5,2019-05,4522,Department stores,inventories,nsa,13193.0,False
2019,6,2019-06,4522,Department stores,inventories,nsa,12608.0,False
2019,7,2019-07,4522,Department stores,inventories,nsa,12522.0,False
2019,8,2019-08,4522,Department stores,inventories,nsa,12801.0,False
2019,9,2019-09,4522,Department stores,inventories,nsa,14478.0,False
2019,10,2019-10,4522,Department stores,inventories,nsa,16396.0,False
2019,11,2019-11,4522,Department stores,inventories,nsa,15200.0,False
2019,12,2019-12,4522,Department stores,inventories,nsa,11326.0,False
2020,1,2020-01,4522,Department stores,inventories,nsa,11418.0,False
2020,2,2020-02,4522,Department stores,inventories,nsa,11669.0,False
2020,3,2020-03,4522,Department stores,inventories,nsa,11660.0,False
2020,4,2020-04,4522,Department stores,inventories,nsa,10860.0,False
2020,5,2020-05,4522,Department stores,inventories,nsa,10080.0,False
2020,6,2020-06,4522,Department stores,inventories,nsa,8434.0,False
2020,7,2020-07,4522,Department stores,inventories,nsa,7931.0,False
2020,8,2020-08,4522,Department stores,inventories,nsa,8090.0,False
2020,9,2020-09,4522,Department stores,inventories,nsa,8939.0,False
2020,10,2020-10,4522,Department stores,inventories,nsa,10001.0,False
2020,11,2020-11,4522,Department stores,inventories,nsa,9335.0,False
2020,12,2020-12,4522,Department stores,inventories,nsa,6734.0,False
2021,1,2021-01,4522,Department stores,inventories,nsa,6808.0,False
2021,2,2021-02,4522,Department stores,inventories,nsa,7119.0,False
2021,3,2021-03,4522,Department stores,inventories,nsa,7544.0,False
2021,4,2021-04,4522,Department stores,inventories,nsa,7559.0,False
2021,5,2021-05,4522,Department stores,inventories,nsa,7507.0,False
2021,6,2021-06,4522,Department stores,inventories,nsa,7450.0,False
2021,7,2021-07,4522,Department stores,inventories,nsa,7635.0,False
2021,8,2021-08,4522,Department stores,inventories,nsa,8114.0,False
2021,9,2021-09,4522,Department stores,inventories,nsa,9381.0,False
2021,10,2021-10,4522,Department stores,inventories,nsa,10628.0,False
2021,11,2021-11,4522,Department stores,inventories,nsa,10172.0,False
2021,12,2021-12,4522,Department stores,inventories,nsa,7950.0,False
2022,1,2022-01,4522,Department stores,inventories,nsa,8241.0,False
2022,2,2022-02,4522,Department stores,inventories,nsa,8709.0,False
2022,3,2022-03,4522,Department stores,inventories,nsa,9421.0,False
2022,4,2022-04,4522,Department stores,inventories,nsa,9548.0,False
2022,5,2022-05,4522,Department stores,inventories,nsa,9412.0,False
2022,6,2022-06,4522,Department stores,inventories,nsa,9275.0,False
2022,7,2022-07,4522,Department stores,inventories,nsa,9077.0,False
2022,8,2022-08,4522,Department stores,inventories,nsa,9402.0,False
2022,9,2022-09,4522,Department stores,inventories,nsa,10790.0,False
2022,10,2022-10,4522,Department stores,inventories,nsa,11721.0,False
2022,11,2022-11,4522,Department stores,inventories,nsa,10835.0,False
2022,12,2022-12,4522,Department stores,inventories,nsa,7986.0,False
2023,1,2023-01,4522,Department stores,inventories,nsa,7953.0,False
2023,2,2023-02,4522,Department stores,inventories,nsa,8394.0,False
2023,3,2023-03,4522,Department stores,inventories,nsa,8916.0,False
2023,4,2023-04,4522,Department stores,inventories,nsa,8873.0,False
2023,5,2023-05,4522,Department stores,inventories,nsa,8575.0,False
2023,6,2023-06,4522,Department stores,inventories,nsa,8298.0,False
2023,7,2023-07,4522,Department stores,inventories,nsa,8214.0,False
2023,8,2023-08,4522,Department stores,inventories,nsa,8687.0,False
2023,9,2023-09,4522,Department stores,inventories,nsa,9961.0,False
2023,10,2023-10,4522,Department stores,inventories,nsa,10899.0,False
2023,11,2023-11,4522,Department stores,inventories,nsa,10083.0,False
2023,12,2023-12,4522,Department stores,inventories,nsa,7630.0,False
2024,1,2024-01,4522,Department stores,inventories,nsa,7843.0,False
2024,2,2024-02,4522,Department stores,inventories,nsa,8268.0,False
2024,3,2024-03,4522,Department stores,inventories,nsa,8623.0,False
2024,4,2024-04,4522,Department stores,inventories,nsa,8628.0,False
2024,5,2024-05,4522,Department stores,inventories,nsa,8430.0,False
2024,6,2024-06,4522,Department stores,inventories,nsa,8133.0,False
2024,7,2024-07,4522,Department stores,inventories,nsa,8176.0,False
2024,8,2024-08,4522,Department stores,inventories,nsa,8817.0,False
2024,9,2024-09,4522,Department stores,inventories,nsa,10118.0,False
2024,10,2024-10,4522,Department stores,inventories,nsa,10978.0,False
2024,11,2024-11,4522,Department stores,inventories,nsa,10208.0,False
2024,12,2024-12,4522,Department stores,inventories,nsa,7949.0,False
2025,1,2025-01,4522,Department stores,inventories,nsa,8014.0,False
2025,2,2025-02,4522,Department stores,inventories,nsa,8477.0,False
2025,3,2025-03,4522,Department stores,inventories,nsa,8728.0,False
2025,4,2025-04,4522,Department stores,inventories,nsa,8651.0,False
2025,5,2025-05,4522,Department stores,inventories,nsa,8380.0,False
2025,6,2025-06,4522,Department stores,inventories,nsa,8189.0,False
2025,7,2025-07,4522,Department stores,inventories,nsa,8027.0,False
2025,8,2025-08,4522,Department stores,inventories,nsa,8649.0,False
2025,9,2025-09,4522,Department stores,inventories,nsa,10003.0,False
2025,10,2025-10,4522,Department stores,inventories,nsa,10906.0,False
2025,11,2025-11,4522,Department stores,inventories,nsa,9929.0,False
2025,12,2025-12,4522,Department stores,inventories,nsa,7509.0,False
2026,1,2026-01,4522,Department stores,inventories,nsa,7795.0,False
2026,2,2026-02,4522,Department stores,inventories,nsa,8173.0,False
2026,3,2026-03,4522,Department stores,inventories,nsa,8496.0,False
2026,4,2026-04,4522,Department stores,inventories,nsa,8554.0,False
2026,5,2026-05,4522,Department stores,inventories,nsa,8349.0,False
1992,1,1992-01,4522,Department stores,inventories,sa,36737.0,False
1992,2,1992-02,4522,Department stores,inventories,sa,36498.0,False
1992,3,1992-03,4522,Department stores,inventories,sa,36834.0,False
1992,4,1992-04,4522,Department stores,inventories,sa,37507.0,False
1992,5,1992-05,4522,Department stores,inventories,sa,36528.0,False
1992,6,1992-06,4522,Department stores,inventories,sa,36974.0,False
1992,7,1992-07,4522,Department stores,inventories,sa,37815.0,False
1992,8,1992-08,4522,Department stores,inventories,sa,37508.0,False
1992,9,1992-09,4522,Department stores,inventories,sa,37590.0,False
1992,10,1992-10,4522,Department stores,inventories,sa,37766.0,False
1992,11,1992-11,4522,Department stores,inventories,sa,37669.0,False
1992,12,1992-12,4522,Department stores,inventories,sa,38001.0,False
1993,1,1993-01,4522,Department stores,inventories,sa,39061.0,False
1993,2,1993-02,4522,Department stores,inventories,sa,39544.0,False
1993,3,1993-03,4522,Department stores,inventories,sa,40370.0,False
1993,4,1993-04,4522,Department stores,inventories,sa,40465.0,False
1993,5,1993-05,4522,Department stores,inventories,sa,40397.0,False
1993,6,1993-06,4522,Department stores,inventories,sa,40134.0,False
1993,7,1993-07,4522,Department stores,inventories,sa,40277.0,False
1993,8,1993-08,4522,Department stores,inventories,sa,40387.0,False
1993,9,1993-09,4522,Department stores,inventories,sa,40364.0,False
1993,10,1993-10,4522,Department stores,inventories,sa,40336.0,False
1993,11,1993-11,4522,Department stores,inventories,sa,40555.0,False
1993,12,1993-12,4522,Department stores,inventories,sa,40589.0,False
1994,1,1994-01,4522,Department stores,inventories,sa,39374.0,False
1994,2,1994-02,4522,Department stores,inventories,sa,39906.0,False
1994,3,1994-03,4522,Department stores,inventories,sa,39864.0,False
1994,4,1994-04,4522,Department stores,inventories,sa,40309.0,False
1994,5,1994-05,4522,Department stores,inventories,sa,41044.0,False
1994,6,1994-06,4522,Department stores,inventories,sa,41762.0,False
1994,7,1994-07,4522,Department stores,inventories,sa,41152.0,False
1994,8,1994-08,4522,Department stores,inventories,sa,41265.0,False
1994,9,1994-09,4522,Department stores,inventories,sa,41665.0,False
1994,10,1994-10,4522,Department stores,inventories,sa,41593.0,False
1994,11,1994-11,4522,Department stores,inventories,sa,41633.0,False
1994,12,1994-12,4522,Department stores,inventories,sa,41954.0,False
1995,1,1995-01,4522,Department stores,inventories,sa,42314.0,False
1995,2,1995-02,4522,Department stores,inventories,sa,42846.0,False
1995,3,1995-03,4522,Department stores,inventories,sa,42322.0,False
1995,4,1995-04,4522,Department stores,inventories,sa,42183.0,False
1995,5,1995-05,4522,Department stores,inventories,sa,42536.0,False
1995,6,1995-06,4522,Department stores,inventories,sa,42968.0,False
1995,7,1995-07,4522,Department stores,inventories,sa,42924.0,False
1995,8,1995-08,4522,Department stores,inventories,sa,43118.0,False
1995,9,1995-09,4522,Department stores,inventories,sa,43113.0,False
1995,10,1995-10,4522,Department stores,inventories,sa,43461.0,False
1995,11,1995-11,4522,Department stores,inventories,sa,43657.0,False
1995,12,1995-12,4522,Department stores,inventories,sa,43502.0,False
1996,1,1996-01,4522,Department stores,inventories,sa,43521.0,False
1996,2,1996-02,4522,Department stores,inventories,sa,43593.0,False
1996,3,1996-03,4522,Department stores,inventories,sa,43582.0,False
1996,4,1996-04,4522,Department stores,inventories,sa,43555.0,False
1996,5,1996-05,4522,Department stores,inventories,sa,43531.0,False
1996,6,1996-06,4522,Department stores,inventories,sa,43737.0,False
1996,7,1996-07,4522,Department stores,inventories,sa,44104.0,False
1996,8,1996-08,4522,Department stores,inventories,sa,44541.0,False
1996,9,1996-09,4522,Department stores,inventories,sa,44264.0,False
1996,10,1996-10,4522,Department stores,inventories,sa,44286.0,False
1996,11,1996-11,4522,Department stores,inventories,sa,44377.0,False
1996,12,1996-12,4522,Department stores,inventories,sa,44124.0,False
1997,1,1997-01,4522,Department stores,inventories,sa,43716.0,False
1997,2,1997-02,4522,Department stores,inventories,sa,43945.0,False
1997,3,1997-03,4522,Department stores,inventories,sa,43761.0,False
1997,4,1997-04,4522,Department stores,inventories,sa,44214.0,False
1997,5,1997-05,4522,Department stores,inventories,sa,44124.0,False
1997,6,1997-06,4522,Department stores,inventories,sa,44273.0,False
1997,7,1997-07,4522,Department stores,inventories,sa,44079.0,False
1997,8,1997-08,4522,Department stores,inventories,sa,43656.0,False
1997,9,1997-09,4522,Department stores,inventories,sa,43878.0,False
1997,10,1997-10,4522,Department stores,inventories,sa,43733.0,False
1997,11,1997-11,4522,Department stores,inventories,sa,43708.0,False
1997,12,1997-12,4522,Department stores,inventories,sa,44309.0,False
1998,1,1998-01,4522,Department stores,inventories,sa,44423.0,False
1998,2,1998-02,4522,Department stores,inventories,sa,44398.0,False
1998,3,1998-03,4522,Department stores,inventories,sa,44320.0,False
1998,4,1998-04,4522,Department stores,inventories,sa,44328.0,False
1998,5,1998-05,4522,Department stores,inventories,sa,43506.0,False
1998,6,1998-06,4522,Department stores,inventories,sa,44069.0,False
1998,7,1998-07,4522,Department stores,inventories,sa,44455.0,False
1998,8,1998-08,4522,Department stores,inventories,sa,44210.0,False
1998,9,1998-09,4522,Department stores,inventories,sa,44214.0,False
1998,10,1998-10,4522,Department stores,inventories,sa,43883.0,False
1998,11,1998-11,4522,Department stores,inventories,sa,43535.0,False
1998,12,1998-12,4522,Department stores,inventories,sa,43392.0,False
1999,1,1999-01,4522,Department stores,inventories,sa,43625.0,False
1999,2,1999-02,4522,Department stores,inventories,sa,43279.0,False
1999,3,1999-03,4522,Department stores,inventories,sa,43562.0,False
1999,4,1999-04,4522,Department stores,inventories,sa,43692.0,False
1999,5,1999-05,4522,Department stores,inventories,sa,43547.0,False
1999,6,1999-06,4522,Department stores,inventories,sa,43326.0,False
1999,7,1999-07,4522,Department stores,inventories,sa,43264.0,False
1999,8,1999-08,4522,Department stores,inventories,sa,43301.0,False
1999,9,1999-09,4522,Department stores,inventories,sa,43163.0,False
1999,10,1999-10,4522,Department stores,inventories,sa,43041.0,False
1999,11,1999-11,4522,Department stores,inventories,sa,43632.0,False
1999,12,1999-12,4522,Department stores,inventories,sa,43787.0,False
2000,1,2000-01,4522,Department stores,inventories,sa,43908.0,False
2000,2,2000-02,4522,Department stores,inventories,sa,43978.0,False
2000,3,2000-03,4522,Department stores,inventories,sa,43368.0,False
2000,4,2000-04,4522,Department stores,inventories,sa,43149.0,False
2000,5,2000-05,4522,Department stores,inventories,sa,43290.0,False
2000,6,2000-06,4522,Department stores,inventories,sa,43224.0,False
2000,7,2000-07,4522,Department stores,inventories,sa,42621.0,False
2000,8,2000-08,4522,Department stores,inventories,sa,42656.0,False
2000,9,2000-09,4522,Department stores,inventories,sa,42410.0,False
2000,10,2000-10,4522,Department stores,inventories,sa,42931.0,False
2000,11,2000-11,4522,Department stores,inventories,sa,42776.0,False
2000,12,2000-12,4522,Department stores,inventories,sa,42621.0,False
2001,1,2001-01,4522,Department stores,inventories,sa,42743.0,False
2001,2,2001-02,4522,Department stores,inventories,sa,42656.0,False
2001,3,2001-03,4522,Department stores,inventories,sa,43020.0,False
2001,4,2001-04,4522,Department stores,inventories,sa,42697.0,False
2001,5,2001-05,4522,Department stores,inventories,sa,42823.0,False
2001,6,2001-06,4522,Department stores,inventories,sa,42658.0,False
2001,7,2001-07,4522,Department stores,inventories,sa,41844.0,False
2001,8,2001-08,4522,Department stores,inventories,sa,42436.0,False
2001,9,2001-09,4522,Department stores,inventories,sa,42311.0,False
2001,10,2001-10,4522,Department stores,inventories,sa,41797.0,False
2001,11,2001-11,4522,Department stores,inventories,sa,41065.0,False
2001,12,2001-12,4522,Department stores,inventories,sa,40421.0,False
2002,1,2002-01,4522,Department stores,inventories,sa,39583.0,False
2002,2,2002-02,4522,Department stores,inventories,sa,39667.0,False
2002,3,2002-03,4522,Department stores,inventories,sa,39131.0,False
2002,4,2002-04,4522,Department stores,inventories,sa,38765.0,False
2002,5,2002-05,4522,Department stores,inventories,sa,38748.0,False
2002,6,2002-06,4522,Department stores,inventories,sa,38692.0,False
2002,7,2002-07,4522,Department stores,inventories,sa,38955.0,False
2002,8,2002-08,4522,Department stores,inventories,sa,38867.0,False
2002,9,2002-09,4522,Department stores,inventories,sa,38724.0,False
2002,10,2002-10,4522,Department stores,inventories,sa,38411.0,False
2002,11,2002-11,4522,Department stores,inventories,sa,38922.0,False
2002,12,2002-12,4522,Department stores,inventories,sa,38708.0,False
2003,1,2003-01,4522,Department stores,inventories,sa,38342.0,False
2003,2,2003-02,4522,Department stores,inventories,sa,37974.0,False
2003,3,2003-03,4522,Department stores,inventories,sa,38206.0,False
2003,4,2003-04,4522,Department stores,inventories,sa,38826.0,False
2003,5,2003-05,4522,Department stores,inventories,sa,38130.0,False
2003,6,2003-06,4522,Department stores,inventories,sa,37925.0,False
2003,7,2003-07,4522,Department stores,inventories,sa,37675.0,False
2003,8,2003-08,4522,Department stores,inventories,sa,37195.0,False
2003,9,2003-09,4522,Department stores,inventories,sa,37493.0,False
2003,10,2003-10,4522,Department stores,inventories,sa,37631.0,False
2003,11,2003-11,4522,Department stores,inventories,sa,36997.0,False
2003,12,2003-12,4522,Department stores,inventories,sa,36784.0,False
2004,1,2004-01,4522,Department stores,inventories,sa,36879.0,False
2004,2,2004-02,4522,Department stores,inventories,sa,36862.0,False
2004,3,2004-03,4522,Department stores,inventories,sa,37165.0,False
2004,4,2004-04,4522,Department stores,inventories,sa,37234.0,False
2004,5,2004-05,4522,Department stores,inventories,sa,37235.0,False
2004,6,2004-06,4522,Department stores,inventories,sa,37196.0,False
2004,7,2004-07,4522,Department stores,inventories,sa,37088.0,False
2004,8,2004-08,4522,Department stores,inventories,sa,37185.0,False
2004,9,2004-09,4522,Department stores,inventories,sa,36758.0,False
2004,10,2004-10,4522,Department stores,inventories,sa,36999.0,False
2004,11,2004-11,4522,Department stores,inventories,sa,37249.0,False
2004,12,2004-12,4522,Department stores,inventories,sa,37270.0,False
2005,1,2005-01,4522,Department stores,inventories,sa,37363.0,False
2005,2,2005-02,4522,Department stores,inventories,sa,37437.0,False
2005,3,2005-03,4522,Department stores,inventories,sa,38641.0,False
2005,4,2005-04,4522,Department stores,inventories,sa,37864.0,False
2005,5,2005-05,4522,Department stores,inventories,sa,37667.0,False
2005,6,2005-06,4522,Department stores,inventories,sa,37876.0,False
2005,7,2005-07,4522,Department stores,inventories,sa,37903.0,False
2005,8,2005-08,4522,Department stores,inventories,sa,38079.0,False
2005,9,2005-09,4522,Department stores,inventories,sa,37883.0,False
2005,10,2005-10,4522,Department stores,inventories,sa,37644.0,False
2005,11,2005-11,4522,Department stores,inventories,sa,37770.0,False
2005,12,2005-12,4522,Department stores,inventories,sa,38111.0,False
2006,1,2006-01,4522,Department stores,inventories,sa,37395.0,False
2006,2,2006-02,4522,Department stores,inventories,sa,36712.0,False
2006,3,2006-03,4522,Department stores,inventories,sa,36821.0,False
2006,4,2006-04,4522,Department stores,inventories,sa,36421.0,False
2006,5,2006-05,4522,Department stores,inventories,sa,36227.0,False
2006,6,2006-06,4522,Department stores,inventories,sa,35895.0,False
2006,7,2006-07,4522,Department stores,inventories,sa,36121.0,False
2006,8,2006-08,4522,Department stores,inventories,sa,36466.0,False
2006,9,2006-09,4522,Department stores,inventories,sa,36468.0,False
2006,10,2006-10,4522,Department stores,inventories,sa,36450.0,False
2006,11,2006-11,4522,Department stores,inventories,sa,37279.0,False
2006,12,2006-12,4522,Department stores,inventories,sa,37252.0,False
2007,1,2007-01,4522,Department stores,inventories,sa,37403.0,False
2007,2,2007-02,4522,Department stores,inventories,sa,37463.0,False
2007,3,2007-03,4522,Department stores,inventories,sa,37015.0,False
2007,4,2007-04,4522,Department stores,inventories,sa,37216.0,False
2007,5,2007-05,4522,Department stores,inventories,sa,37020.0,False
2007,6,2007-06,4522,Department stores,inventories,sa,37165.0,False
2007,7,2007-07,4522,Department stores,inventories,sa,37020.0,False
2007,8,2007-08,4522,Department stores,inventories,sa,36859.0,False
2007,9,2007-09,4522,Department stores,inventories,sa,36831.0,False
2007,10,2007-10,4522,Department stores,inventories,sa,37023.0,False
2007,11,2007-11,4522,Department stores,inventories,sa,36330.0,False
2007,12,2007-12,4522,Department stores,inventories,sa,36544.0,False
2008,1,2008-01,4522,Department stores,inventories,sa,36393.0,False
2008,2,2008-02,4522,Department stores,inventories,sa,36597.0,False
2008,3,2008-03,4522,Department stores,inventories,sa,35939.0,False
2008,4,2008-04,4522,Department stores,inventories,sa,35788.0,False
2008,5,2008-05,4522,Department stores,inventories,sa,35746.0,False
2008,6,2008-06,4522,Department stores,inventories,sa,35259.0,False
2008,7,2008-07,4522,Department stores,inventories,sa,35164.0,False
2008,8,2008-08,4522,Department stores,inventories,sa,34678.0,False
2008,9,2008-09,4522,Department stores,inventories,sa,35057.0,False
2008,10,2008-10,4522,Department stores,inventories,sa,34978.0,False
2008,11,2008-11,4522,Department stores,inventories,sa,34234.0,False
2008,12,2008-12,4522,Department stores,inventories,sa,33231.0,False
2009,1,2009-01,4522,Department stores,inventories,sa,32700.0,False
2009,2,2009-02,4522,Department stores,inventories,sa,32543.0,False
2009,3,2009-03,4522,Department stores,inventories,sa,32776.0,False
2009,4,2009-04,4522,Department stores,inventories,sa,32480.0,False
2009,5,2009-05,4522,Department stores,inventories,sa,32224.0,False
2009,6,2009-06,4522,Department stores,inventories,sa,32481.0,False
2009,7,2009-07,4522,Department stores,inventories,sa,32017.0,False
2009,8,2009-08,4522,Department stores,inventories,sa,31963.0,False
2009,9,2009-09,4522,Department stores,inventories,sa,32017.0,False
2009,10,2009-10,4522,Department stores,inventories,sa,31781.0,False
2009,11,2009-11,4522,Department stores,inventories,sa,31413.0,False
2009,12,2009-12,4522,Department stores,inventories,sa,30982.0,False
2010,1,2010-01,4522,Department stores,inventories,sa,31213.0,False
2010,2,2010-02,4522,Department stores,inventories,sa,30929.0,False
2010,3,2010-03,4522,Department stores,inventories,sa,30756.0,False
2010,4,2010-04,4522,Department stores,inventories,sa,30899.0,False
2010,5,2010-05,4522,Department stores,inventories,sa,30697.0,False
2010,6,2010-06,4522,Department stores,inventories,sa,30742.0,False
2010,7,2010-07,4522,Department stores,inventories,sa,31040.0,False
2010,8,2010-08,4522,Department stores,inventories,sa,30950.0,False
2010,9,2010-09,4522,Department stores,inventories,sa,30603.0,False
2010,10,2010-10,4522,Department stores,inventories,sa,30739.0,False
2010,11,2010-11,4522,Department stores,inventories,sa,31204.0,False
2010,12,2010-12,4522,Department stores,inventories,sa,31099.0,False
2011,1,2011-01,4522,Department stores,inventories,sa,30932.0,False
2011,2,2011-02,4522,Department stores,inventories,sa,30955.0,False
2011,3,2011-03,4522,Department stores,inventories,sa,31638.0,False
2011,4,2011-04,4522,Department stores,inventories,sa,31526.0,False
2011,5,2011-05,4522,Department stores,inventories,sa,31807.0,False
2011,6,2011-06,4522,Department stores,inventories,sa,31712.0,False
2011,7,2011-07,4522,Department stores,inventories,sa,31756.0,False
2011,8,2011-08,4522,Department stores,inventories,sa,32037.0,False
2011,9,2011-09,4522,Department stores,inventories,sa,32062.0,False
2011,10,2011-10,4522,Department stores,inventories,sa,32040.0,False
2011,11,2011-11,4522,Department stores,inventories,sa,32120.0,False
2011,12,2011-12,4522,Department stores,inventories,sa,32520.0,False
2012,1,2012-01,4522,Department stores,inventories,sa,31887.0,False
2012,2,2012-02,4522,Department stores,inventories,sa,31834.0,False
2012,3,2012-03,4522,Department stores,inventories,sa,31485.0,False
2012,4,2012-04,4522,Department stores,inventories,sa,31869.0,False
2012,5,2012-05,4522,Department stores,inventories,sa,32124.0,False
2012,6,2012-06,4522,Department stores,inventories,sa,32076.0,False
2012,7,2012-07,4522,Department stores,inventories,sa,32105.0,False
2012,8,2012-08,4522,Department stores,inventories,sa,32098.0,False
2012,9,2012-09,4522,Department stores,inventories,sa,31181.0,False
2012,10,2012-10,4522,Department stores,inventories,sa,31923.0,False
2012,11,2012-11,4522,Department stores,inventories,sa,31850.0,False
2012,12,2012-12,4522,Department stores,inventories,sa,32642.0,False
2013,1,2013-01,4522,Department stores,inventories,sa,32386.0,False
2013,2,2013-02,4522,Department stores,inventories,sa,32357.0,False
2013,3,2013-03,4522,Department stores,inventories,sa,32045.0,False
2013,4,2013-04,4522,Department stores,inventories,sa,31909.0,False
2013,5,2013-05,4522,Department stores,inventories,sa,31660.0,False
2013,6,2013-06,4522,Department stores,inventories,sa,31348.0,False
2013,7,2013-07,4522,Department stores,inventories,sa,31255.0,False
2013,8,2013-08,4522,Department stores,inventories,sa,30955.0,False
2013,9,2013-09,4522,Department stores,inventories,sa,30738.0,False
2013,10,2013-10,4522,Department stores,inventories,sa,30638.0,False
2013,11,2013-11,4522,Department stores,inventories,sa,30448.0,False
2013,12,2013-12,4522,Department stores,inventories,sa,30446.0,False
2014,1,2014-01,4522,Department stores,inventories,sa,30313.0,False
2014,2,2014-02,4522,Department stores,inventories,sa,29859.0,False
2014,3,2014-03,4522,Department stores,inventories,sa,29645.0,False
2014,4,2014-04,4522,Department stores,inventories,sa,28819.0,False
2014,5,2014-05,4522,Department stores,inventories,sa,28615.0,False
2014,6,2014-06,4522,Department stores,inventories,sa,28361.0,False
2014,7,2014-07,4522,Department stores,inventories,sa,28055.0,False
2014,8,2014-08,4522,Department stores,inventories,sa,27986.0,False
2014,9,2014-09,4522,Department stores,inventories,sa,27628.0,False
2014,10,2014-10,4522,Department stores,inventories,sa,27373.0,False
2014,11,2014-11,4522,Department stores,inventories,sa,27200.0,False
2014,12,2014-12,4522,Department stores,inventories,sa,26753.0,False
2015,1,2015-01,4522,Department stores,inventories,sa,26697.0,False
2015,2,2015-02,4522,Department stores,inventories,sa,26618.0,False
2015,3,2015-03,4522,Department stores,inventories,sa,26110.0,False
2015,4,2015-04,4522,Department stores,inventories,sa,26378.0,False
2015,5,2015-05,4522,Department stores,inventories,sa,26194.0,False
2015,6,2015-06,4522,Department stores,inventories,sa,26096.0,False
2015,7,2015-07,4522,Department stores,inventories,sa,25716.0,False
2015,8,2015-08,4522,Department stores,inventories,sa,25611.0,False
2015,9,2015-09,4522,Department stores,inventories,sa,25845.0,False
2015,10,2015-10,4522,Department stores,inventories,sa,25562.0,False
2015,11,2015-11,4522,Department stores,inventories,sa,25264.0,False
2015,12,2015-12,4522,Department stores,inventories,sa,25001.0,False
2016,1,2016-01,4522,Department stores,inventories,sa,24345.0,False
2016,2,2016-02,4522,Department stores,inventories,sa,24045.0,False
2016,3,2016-03,4522,Department stores,inventories,sa,23574.0,False
2016,4,2016-04,4522,Department stores,inventories,sa,23039.0,False
2016,5,2016-05,4522,Department stores,inventories,sa,22694.0,False
2016,6,2016-06,4522,Department stores,inventories,sa,22336.0,False
2016,7,2016-07,4522,Department stores,inventories,sa,22261.0,False
2016,8,2016-08,4522,Department stores,inventories,sa,21527.0,False
2016,9,2016-09,4522,Department stores,inventories,sa,21068.0,False
2016,10,2016-10,4522,Department stores,inventories,sa,20783.0,False
2016,11,2016-11,4522,Department stores,inventories,sa,20610.0,False
2016,12,2016-12,4522,Department stores,inventories,sa,20479.0,False
2017,1,2017-01,4522,Department stores,inventories,sa,20118.0,False
2017,2,2017-02,4522,Department stores,inventories,sa,19446.0,False
2017,3,2017-03,4522,Department stores,inventories,sa,19280.0,False
2017,4,2017-04,4522,Department stores,inventories,sa,18816.0,False
2017,5,2017-05,4522,Department stores,inventories,sa,18211.0,False
2017,6,2017-06,4522,Department stores,inventories,sa,17854.0,False
2017,7,2017-07,4522,Department stores,inventories,sa,17478.0,False
2017,8,2017-08,4522,Department stores,inventories,sa,16999.0,False
2017,9,2017-09,4522,Department stores,inventories,sa,16595.0,False
2017,10,2017-10,4522,Department stores,inventories,sa,16309.0,False
2017,11,2017-11,4522,Department stores,inventories,sa,16184.0,False
2017,12,2017-12,4522,Department stores,inventories,sa,16088.0,False
2018,1,2018-01,4522,Department stores,inventories,sa,16121.0,False
2018,2,2018-02,4522,Department stores,inventories,sa,16001.0,False
2018,3,2018-03,4522,Department stores,inventories,sa,15677.0,False
2018,4,2018-04,4522,Department stores,inventories,sa,15895.0,False
2018,5,2018-05,4522,Department stores,inventories,sa,15869.0,False
2018,6,2018-06,4522,Department stores,inventories,sa,15467.0,False
2018,7,2018-07,4522,Department stores,inventories,sa,15261.0,False
2018,8,2018-08,4522,Department stores,inventories,sa,15078.0,False
2018,9,2018-09,4522,Department stores,inventories,sa,15003.0,False
2018,10,2018-10,4522,Department stores,inventories,sa,15003.0,False
2018,11,2018-11,4522,Department stores,inventories,sa,14284.0,False
2018,12,2018-12,4522,Department stores,inventories,sa,13928.0,False
2019,1,2019-01,4522,Department stores,inventories,sa,14162.0,False
2019,2,2019-02,4522,Department stores,inventories,sa,14217.0,False
2019,3,2019-03,4522,Department stores,inventories,sa,14179.0,False
2019,4,2019-04,4522,Department stores,inventories,sa,14003.0,False
2019,5,2019-05,4522,Department stores,inventories,sa,13786.0,False
2019,6,2019-06,4522,Department stores,inventories,sa,13513.0,False
2019,7,2019-07,4522,Department stores,inventories,sa,13335.0,False
2019,8,2019-08,4522,Department stores,inventories,sa,13252.0,False
2019,9,2019-09,4522,Department stores,inventories,sa,13258.0,False
2019,10,2019-10,4522,Department stores,inventories,sa,13363.0,False
2019,11,2019-11,4522,Department stores,inventories,sa,13014.0,False
2019,12,2019-12,4522,Department stores,inventories,sa,12655.0,False
2020,1,2020-01,4522,Department stores,inventories,sa,12492.0,False
2020,2,2020-02,4522,Department stores,inventories,sa,12335.0,False
2020,3,2020-03,4522,Department stores,inventories,sa,11947.0,False
2020,4,2020-04,4522,Department stores,inventories,sa,11059.0,False
2020,5,2020-05,4522,Department stores,inventories,sa,10522.0,False
2020,6,2020-06,4522,Department stores,inventories,sa,9040.0,False
2020,7,2020-07,4522,Department stores,inventories,sa,8455.0,False
2020,8,2020-08,4522,Department stores,inventories,sa,8332.0,False
2020,9,2020-09,4522,Department stores,inventories,sa,8112.0,False
2020,10,2020-10,4522,Department stores,inventories,sa,8118.0,False
2020,11,2020-11,4522,Department stores,inventories,sa,8020.0,False
2020,12,2020-12,4522,Department stores,inventories,sa,7575.0,False
2021,1,2021-01,4522,Department stores,inventories,sa,7514.0,False
2021,2,2021-02,4522,Department stores,inventories,sa,7549.0,False
2021,3,2021-03,4522,Department stores,inventories,sa,7714.0,False
2021,4,2021-04,4522,Department stores,inventories,sa,7698.0,False
2021,5,2021-05,4522,Department stores,inventories,sa,7828.0,False
2021,6,2021-06,4522,Department stores,inventories,sa,7985.0,False
2021,7,2021-07,4522,Department stores,inventories,sa,8157.0,False
2021,8,2021-08,4522,Department stores,inventories,sa,8314.0,False
2021,9,2021-09,4522,Department stores,inventories,sa,8436.0,False
2021,10,2021-10,4522,Department stores,inventories,sa,8606.0,False
2021,11,2021-11,4522,Department stores,inventories,sa,8777.0,False
2021,12,2021-12,4522,Department stores,inventories,sa,8983.0,False
2022,1,2022-01,4522,Department stores,inventories,sa,9167.0,False
2022,2,2022-02,4522,Department stores,inventories,sa,9275.0,False
2022,3,2022-03,4522,Department stores,inventories,sa,9613.0,False
2022,4,2022-04,4522,Department stores,inventories,sa,9723.0,False
2022,5,2022-05,4522,Department stores,inventories,sa,9804.0,False
2022,6,2022-06,4522,Department stores,inventories,sa,9952.0,False
2022,7,2022-07,4522,Department stores,inventories,sa,9708.0,False
2022,8,2022-08,4522,Department stores,inventories,sa,9584.0,False
2022,9,2022-09,4522,Department stores,inventories,sa,9634.0,False
2022,10,2022-10,4522,Department stores,inventories,sa,9491.0,False
2022,11,2022-11,4522,Department stores,inventories,sa,9389.0,False
2022,12,2022-12,4522,Department stores,inventories,sa,9044.0,False
2023,1,2023-01,4522,Department stores,inventories,sa,8886.0,False
2023,2,2023-02,4522,Department stores,inventories,sa,8949.0,False
2023,3,2023-03,4522,Department stores,inventories,sa,9079.0,False
2023,4,2023-04,4522,Department stores,inventories,sa,9026.0,False
2023,5,2023-05,4522,Department stores,inventories,sa,8923.0,False
2023,6,2023-06,4522,Department stores,inventories,sa,8913.0,False
2023,7,2023-07,4522,Department stores,inventories,sa,8804.0,False
2023,8,2023-08,4522,Department stores,inventories,sa,8819.0,False
2023,9,2023-09,4522,Department stores,inventories,sa,8839.0,False
2023,10,2023-10,4522,Department stores,inventories,sa,8825.0,False
2023,11,2023-11,4522,Department stores,inventories,sa,8768.0,False
2023,12,2023-12,4522,Department stores,inventories,sa,8651.0,False
2024,1,2024-01,4522,Department stores,inventories,sa,8793.0,False
2024,2,2024-02,4522,Department stores,inventories,sa,8824.0,False
2024,3,2024-03,4522,Department stores,inventories,sa,8790.0,False
2024,4,2024-04,4522,Department stores,inventories,sa,8795.0,False
2024,5,2024-05,4522,Department stores,inventories,sa,8809.0,False
2024,6,2024-06,4522,Department stores,inventories,sa,8755.0,False
2024,7,2024-07,4522,Department stores,inventories,sa,8820.0,False
2024,8,2024-08,4522,Department stores,inventories,sa,8942.0,False
2024,9,2024-09,4522,Department stores,inventories,sa,8930.0,False
2024,10,2024-10,4522,Department stores,inventories,sa,8875.0,False
2024,11,2024-11,4522,Department stores,inventories,sa,8892.0,False
2024,12,2024-12,4522,Department stores,inventories,sa,9085.0,False
2025,1,2025-01,4522,Department stores,inventories,sa,8954.0,False
2025,2,2025-02,4522,Department stores,inventories,sa,8980.0,False
2025,3,2025-03,4522,Department stores,inventories,sa,8879.0,False
2025,4,2025-04,4522,Department stores,inventories,sa,8801.0,False
2025,5,2025-05,4522,Department stores,inventories,sa,8747.0,False
2025,6,2025-06,4522,Department stores,inventories,sa,8796.0,False
2025,7,2025-07,4522,Department stores,inventories,sa,8706.0,False
2025,8,2025-08,4522,Department stores,inventories,sa,8772.0,False
2025,9,2025-09,4522,Department stores,inventories,sa,8805.0,False
2025,10,2025-10,4522,Department stores,inventories,sa,8774.0,False
2025,11,2025-11,4522,Department stores,inventories,sa,8641.0,False
2025,12,2025-12,4522,Department stores,inventories,sa,8621.0,False
2026,1,2026-01,4522,Department stores,inventories,sa,8680.0,False
2026,2,2026-02,4522,Department stores,inventories,sa,8630.0,False
2026,3,2026-03,4522,Department stores,inventories,sa,8661.0,False
2026,4,2026-04,4522,Department stores,inventories,sa,8711.0,False
2026,5,2026-05,4522,Department stores,inventories,sa,8724.0,False
